[
  {
    "no": 1,
    "bookmark": "bookmark-0",
    "outgoingUser": "홍길동",
    "outgoingSubscriber": "홍길동",
    "outgoingNumber": "010-8293-1928",
    "incommingUser": "김서방",
    "incommingSubscriber": "",
    "incommingNumber": "010-933-2312",
    "callStart": "20201001 10:11:23",
    "callEnd": "20201001 10:12:34",
    "callLength": "01:11",
    "callStation": "서울시 마포구 상암동"
  },
  {
    "no": 2,
    "bookmark": "bookmark-0",
    "outgoingUser": "김길동",
    "outgoingSubscriber": "김길동",
    "outgoingNumber": "010-9876-5432",
    "incommingUser": "홍길순",
    "incommingSubscriber": "",
    "incommingNumber": "010-933-2312",
    "callStart": "20201001 10:11:23",
    "callEnd": "20201001 10:12:34",
    "callLength": "00:53",
    "callStation": "서울시 서대문구 아현동"
  },
  {
    "no": 3,
    "bookmark": "bookmark-1",
    "outgoingUser": "박대길",
    "outgoingSubscriber": "박대길",
    "outgoingNumber": "010-5289-5289",
    "incommingUser": "김서방",
    "incommingSubscriber": "",
    "incommingNumber": "010-933-2312",
    "callStart": "20201001 10:11:23",
    "callEnd": "20201001 10:12:34",
    "callLength": "01:54",
    "callStation": "경주시 경주읍 경주11동"
  },
  {
    "no": 4,
    "bookmark": "bookmark-0",
    "outgoingUser": "박호산",
    "outgoingSubscriber": "박호산",
    "outgoingNumber": "011-2599-1258",
    "incommingUser": "장미주",
    "incommingSubscriber": "장미진",
    "incommingNumber": "010-5399-5397",
    "callStart": "20201001 10:11:23",
    "callEnd": "20201001 10:12:34",
    "callLength": "02:31",
    "callStation": "경기도 수원시 팔달구 팔당1동 12"
  },
  {
    "no": 5,
    "bookmark": "bookmark-0",
    "outgoingUser": "박호산",
    "outgoingSubscriber": "박호산",
    "outgoingNumber": "010-8293-1928",
    "incommingUser": "이득구",
    "incommingSubscriber": "홍재권",
    "incommingNumber": "010-6544-4457",
    "callStart": "20201001 10:11:23",
    "callEnd": "20201001 10:12:34",
    "callLength": "08:11",
    "callStation": "경기도 수원시 팔달구 팔당1동 12"
  },
  {
    "no": 6,
    "bookmark": "bookmark-1",
    "outgoingUser": "홍길동",
    "outgoingSubscriber": "홍길동",
    "outgoingNumber": "010-8293-1928",
    "incommingUser": "김서방",
    "incommingSubscriber": "",
    "incommingNumber": "010-933-2312",
    "callStart": "20201001 10:11:23",
    "callEnd": "20201001 10:12:34",
    "callLength": "00:41",
    "callStation": "서울시 마포구 상암동"
  },
  {
    "no": 7,
    "bookmark": "bookmark-0",
    "outgoingUser": "민중광",
    "outgoingSubscriber": "민중광",
    "outgoingNumber": "010-6544-4458",
    "incommingUser": "장미진",
    "incommingSubscriber": "장미진",
    "incommingNumber": "010-5339-5397",
    "callStart": "20201001 10:11:23",
    "callEnd": "20201001 10:12:34",
    "callLength": "01:23",
    "callStation": "서울시 마포구 상암동"
  },
  {
    "no": 8,
    "bookmark": "bookmark-0",
    "outgoingUser": "홍길동",
    "outgoingSubscriber": "홍길동",
    "outgoingNumber": "010-8293-1928",
    "incommingUser": "민중광",
    "incommingSubscriber": "홍재권",
    "incommingNumber": "010-6544-4458",
    "callStart": "20201001 10:11:23",
    "callEnd": "20201001 10:12:34",
    "callLength": "05:11",
    "callStation": "서울시 마포구 상암동"
  },
  {
    "no": 9,
    "bookmark": "bookmark-0",
    "outgoingUser": "홍길동",
    "outgoingSubscriber": "홍길동",
    "outgoingNumber": "010-8293-1928",
    "incommingUser": "김서방",
    "incommingSubscriber": "",
    "incommingNumber": "010-933-2312",
    "callStart": "20201001 10:11:23",
    "callEnd": "20201001 10:12:34",
    "callLength": "00:11",
    "callStation": "서울시 마포구 상암동"
  },
  {
    "no": 10,
    "bookmark": "bookmark-0",
    "outgoingUser": "홍길동",
    "outgoingSubscriber": "홍길동",
    "outgoingNumber": "010-8293-1928",
    "incommingUser": "김서방",
    "incommingSubscriber": "",
    "incommingNumber": "010-933-2312",
    "callStart": "20201001 10:11:23",
    "callEnd": "20201001 10:12:34",
    "callLength": "01:11",
    "callStation": "서울시 마포구 상암동"
  }
]
