{
  "code": "200",
  "msg": "정상처리 되었습니다.",
  "result": [
    {
      "requestPage": 0,
      "rowCntByPage": 0,
      "rowAllCnt": 0,
      "lastPage": 0,
      "blockAllCnt": 0,
      "currentBlock": 0,
      "startPage": 0,
      "endPage": 0,
      "startRow": 0,
      "endRow": 0,
      "totalCnt": 0,
      "perPage": 0,
      "currPage": 0,
      "no": 0,
      "bkmkId": 0,
      "ruseIsrtyId": "203",
      "ruseIsrtyNm": "김성호",
      "joinIsrtyId": "203",
      "joinIsrtyNm": "김성호",
      "telno": "010-4603-6920",
      "talkReltRuseIsrtyId": "252",
      "talkReltRuseIsrtyNm": "김광호",
      "talkReltJoinIsrtyId": "252",
      "talkReltJoinIsrtyNm": "김광호",
      "talkReltTelno": "010-8054-0005",
      "talkBgngDt": "2017-02-13 00:00:00.0",
      "talkEndDt": "2017-02-13 00:00:00.0",
      "talkTime": "60",
      "talkTyNm": "VOLTE 음성",
      "linkRelateLcNm": "서울시 마포구 서교동   392-1 송원빌딩"
    },
    {
      "requestPage": 0,
      "rowCntByPage": 0,
      "rowAllCnt": 0,
      "lastPage": 0,
      "blockAllCnt": 0,
      "currentBlock": 0,
      "startPage": 0,
      "endPage": 0,
      "startRow": 0,
      "endRow": 0,
      "totalCnt": 0,
      "perPage": 0,
      "currPage": 0,
      "no": 0,
      "bkmkId": 0,
      "ruseIsrtyId": "312",
      "ruseIsrtyNm": "박원해",
      "joinIsrtyId": "312",
      "joinIsrtyNm": "박원해",
      "telno": "010-3955-9141",
      "talkReltRuseIsrtyId": "312",
      "talkReltRuseIsrtyNm": "박원해",
      "talkReltJoinIsrtyId": "312",
      "talkReltJoinIsrtyNm": "박원해",
      "talkReltTelno": "010-3955-9141",
      "talkBgngDt": "2017-02-06 00:00:00.0",
      "talkEndDt": "2017-02-06 00:00:00.0",
      "talkTime": "0",
      "talkTyNm": "국내음성통화",
      "linkRelateLcNm": "PP"
    },
    {
      "requestPage": 0,
      "rowCntByPage": 0,
      "rowAllCnt": 0,
      "lastPage": 0,
      "blockAllCnt": 0,
      "currentBlock": 0,
      "startPage": 0,
      "endPage": 0,
      "startRow": 0,
      "endRow": 0,
      "totalCnt": 0,
      "perPage": 0,
      "currPage": 0,
      "no": 0,
      "bkmkId": 0,
      "ruseIsrtyId": "312",
      "ruseIsrtyNm": "박원해",
      "joinIsrtyId": "312",
      "joinIsrtyNm": "박원해",
      "telno": "010-3955-9141",
      "talkReltRuseIsrtyId": "312",
      "talkReltRuseIsrtyNm": "박원해",
      "talkReltJoinIsrtyId": "312",
      "talkReltJoinIsrtyNm": "박원해",
      "talkReltTelno": "010-3955-9141",
      "talkBgngDt": "2017-01-30 00:00:00.0",
      "talkEndDt": "2017-01-30 00:00:00.0",
      "talkTime": "0",
      "talkTyNm": "국내음성통화",
      "linkRelateLcNm": "PP"
    },
    {
      "requestPage": 0,
      "rowCntByPage": 0,
      "rowAllCnt": 0,
      "lastPage": 0,
      "blockAllCnt": 0,
      "currentBlock": 0,
      "startPage": 0,
      "endPage": 0,
      "startRow": 0,
      "endRow": 0,
      "totalCnt": 0,
      "perPage": 0,
      "currPage": 0,
      "no": 0,
      "bkmkId": 0,
      "ruseIsrtyId": "203",
      "ruseIsrtyNm": "김성호",
      "joinIsrtyId": "203",
      "joinIsrtyNm": "김성호",
      "telno": "010-4603-6920",
      "talkReltRuseIsrtyId": "252",
      "talkReltRuseIsrtyNm": "김광호",
      "talkReltJoinIsrtyId": "252",
      "talkReltJoinIsrtyNm": "김광호",
      "talkReltTelno": "010-8054-0005",
      "talkBgngDt": "2017-01-30 00:00:00.0",
      "talkEndDt": "2017-01-30 00:00:00.0",
      "talkTime": "53",
      "talkTyNm": "VOLTE 음성",
      "linkRelateLcNm": "서울시 마포구 서교동   379-20 대성빌딩"
    },
    {
      "requestPage": 0,
      "rowCntByPage": 0,
      "rowAllCnt": 0,
      "lastPage": 0,
      "blockAllCnt": 0,
      "currentBlock": 0,
      "startPage": 0,
      "endPage": 0,
      "startRow": 0,
      "endRow": 0,
      "totalCnt": 0,
      "perPage": 0,
      "currPage": 0,
      "no": 0,
      "bkmkId": 0,
      "ruseIsrtyId": "312",
      "ruseIsrtyNm": "박원해",
      "joinIsrtyId": "312",
      "joinIsrtyNm": "박원해",
      "telno": "010-3955-9141",
      "talkReltRuseIsrtyId": "312",
      "talkReltRuseIsrtyNm": "박원해",
      "talkReltJoinIsrtyId": "312",
      "talkReltJoinIsrtyNm": "박원해",
      "talkReltTelno": "010-3955-9141",
      "talkBgngDt": "2017-01-23 00:00:00.0",
      "talkEndDt": "2017-01-23 00:00:00.0",
      "talkTime": "0",
      "talkTyNm": "국내음성통화",
      "linkRelateLcNm": "PP"
    },
    {
      "requestPage": 0,
      "rowCntByPage": 0,
      "rowAllCnt": 0,
      "lastPage": 0,
      "blockAllCnt": 0,
      "currentBlock": 0,
      "startPage": 0,
      "endPage": 0,
      "startRow": 0,
      "endRow": 0,
      "totalCnt": 0,
      "perPage": 0,
      "currPage": 0,
      "no": 0,
      "bkmkId": 0,
      "ruseIsrtyId": "203",
      "ruseIsrtyNm": "김성호",
      "joinIsrtyId": "203",
      "joinIsrtyNm": "김성호",
      "telno": "010-4603-6920",
      "talkReltRuseIsrtyId": "252",
      "talkReltRuseIsrtyNm": "김광호",
      "talkReltJoinIsrtyId": "252",
      "talkReltJoinIsrtyNm": "김광호",
      "talkReltTelno": "010-8054-0005",
      "talkBgngDt": "2017-01-23 00:00:00.0",
      "talkEndDt": "2017-01-23 00:00:00.0",
      "talkTime": "29",
      "talkTyNm": "VOLTE 음성",
      "linkRelateLcNm": "서울시 마포구 합정동 373-17"
    },
    {
      "requestPage": 0,
      "rowCntByPage": 0,
      "rowAllCnt": 0,
      "lastPage": 0,
      "blockAllCnt": 0,
      "currentBlock": 0,
      "startPage": 0,
      "endPage": 0,
      "startRow": 0,
      "endRow": 0,
      "totalCnt": 0,
      "perPage": 0,
      "currPage": 0,
      "no": 0,
      "bkmkId": 0,
      "ruseIsrtyId": "252",
      "ruseIsrtyNm": "김광호",
      "joinIsrtyId": "252",
      "joinIsrtyNm": "김광호",
      "telno": "010-7094-3584",
      "talkReltRuseIsrtyId": "35",
      "talkReltRuseIsrtyNm": "안순이",
      "talkReltJoinIsrtyId": "35",
      "talkReltJoinIsrtyNm": "안순이",
      "talkReltTelno": "010-2732-9944",
      "talkBgngDt": "2017-01-23 00:00:00.0",
      "talkEndDt": "2017-01-23 00:00:00.0",
      "talkTime": "113",
      "talkTyNm": "VOLTE-망내음성(VOLTE간)",
      "linkRelateLcNm": "경기도 고양시 일산동구 장항동 855-0"
    },
    {
      "requestPage": 0,
      "rowCntByPage": 0,
      "rowAllCnt": 0,
      "lastPage": 0,
      "blockAllCnt": 0,
      "currentBlock": 0,
      "startPage": 0,
      "endPage": 0,
      "startRow": 0,
      "endRow": 0,
      "totalCnt": 0,
      "perPage": 0,
      "currPage": 0,
      "no": 0,
      "bkmkId": 0,
      "ruseIsrtyId": "252",
      "ruseIsrtyNm": "김광호",
      "joinIsrtyId": "252",
      "joinIsrtyNm": "김광호",
      "telno": "010-7094-3584",
      "talkReltRuseIsrtyId": "84",
      "talkReltRuseIsrtyNm": "임명희",
      "talkReltJoinIsrtyId": "84",
      "talkReltJoinIsrtyNm": "임명희",
      "talkReltTelno": "010-2655-1655",
      "talkBgngDt": "2017-01-23 00:00:00.0",
      "talkEndDt": "2017-01-23 00:00:00.0",
      "talkTime": "245",
      "talkTyNm": "VOLTE-망외음성(VOLTE간)",
      "linkRelateLcNm": "경기도 고양시 일산동구 마두동 1010-0"
    },
    {
      "requestPage": 0,
      "rowCntByPage": 0,
      "rowAllCnt": 0,
      "lastPage": 0,
      "blockAllCnt": 0,
      "currentBlock": 0,
      "startPage": 0,
      "endPage": 0,
      "startRow": 0,
      "endRow": 0,
      "totalCnt": 0,
      "perPage": 0,
      "currPage": 0,
      "no": 0,
      "bkmkId": 0,
      "ruseIsrtyId": "252",
      "ruseIsrtyNm": "김광호",
      "joinIsrtyId": "252",
      "joinIsrtyNm": "김광호",
      "telno": "010-7094-3584",
      "talkReltRuseIsrtyId": "161",
      "talkReltRuseIsrtyNm": "이동진",
      "talkReltJoinIsrtyId": "161",
      "talkReltJoinIsrtyNm": "이동진",
      "talkReltTelno": "010-7431-0053",
      "talkBgngDt": "2017-01-23 00:00:00.0",
      "talkEndDt": "2017-01-23 00:00:00.0",
      "talkTime": "48",
      "talkTyNm": "VOLTE-망외음성(VOLTE간)",
      "linkRelateLcNm": "경기도 고양시 일산동구 마두동 794-0"
    },
    {
      "requestPage": 0,
      "rowCntByPage": 0,
      "rowAllCnt": 0,
      "lastPage": 0,
      "blockAllCnt": 0,
      "currentBlock": 0,
      "startPage": 0,
      "endPage": 0,
      "startRow": 0,
      "endRow": 0,
      "totalCnt": 0,
      "perPage": 0,
      "currPage": 0,
      "no": 0,
      "bkmkId": 0,
      "ruseIsrtyId": "161",
      "ruseIsrtyNm": "이동진",
      "joinIsrtyId": "161",
      "joinIsrtyNm": "이동진",
      "telno": "010-7431-0053",
      "talkReltRuseIsrtyId": "252",
      "talkReltRuseIsrtyNm": "김광호",
      "talkReltJoinIsrtyId": "252",
      "talkReltJoinIsrtyNm": "김광호",
      "talkReltTelno": "010-7094-3584",
      "talkBgngDt": "2017-01-23 00:00:00.0",
      "talkEndDt": "2017-01-23 00:00:00.0",
      "talkTime": "227",
      "talkTyNm": "VOLTE 음성",
      "linkRelateLcNm": "경기도 고양시 일산동구 풍동   514-3 백마골프연습장"
    },
    {
      "requestPage": 0,
      "rowCntByPage": 0,
      "rowAllCnt": 0,
      "lastPage": 0,
      "blockAllCnt": 0,
      "currentBlock": 0,
      "startPage": 0,
      "endPage": 0,
      "startRow": 0,
      "endRow": 0,
      "totalCnt": 0,
      "perPage": 0,
      "currPage": 0,
      "no": 0,
      "bkmkId": 0,
      "ruseIsrtyId": "161",
      "ruseIsrtyNm": "이동진",
      "joinIsrtyId": "161",
      "joinIsrtyNm": "이동진",
      "telno": "010-7431-0053",
      "talkReltRuseIsrtyId": "252",
      "talkReltRuseIsrtyNm": "김광호",
      "talkReltJoinIsrtyId": "252",
      "talkReltJoinIsrtyNm": "김광호",
      "talkReltTelno": "010-7094-3584",
      "talkBgngDt": "2017-01-23 00:00:00.0",
      "talkEndDt": "2017-01-23 00:00:00.0",
      "talkTime": "116",
      "talkTyNm": "VOLTE 음성",
      "linkRelateLcNm": "경기도 고양시 일산동구 풍동   514-3 백마골프연습장"
    },
    {
      "requestPage": 0,
      "rowCntByPage": 0,
      "rowAllCnt": 0,
      "lastPage": 0,
      "blockAllCnt": 0,
      "currentBlock": 0,
      "startPage": 0,
      "endPage": 0,
      "startRow": 0,
      "endRow": 0,
      "totalCnt": 0,
      "perPage": 0,
      "currPage": 0,
      "no": 0,
      "bkmkId": 0,
      "ruseIsrtyId": "84",
      "ruseIsrtyNm": "임명희",
      "joinIsrtyId": "84",
      "joinIsrtyNm": "임명희",
      "telno": "010-2655-1655",
      "talkReltRuseIsrtyId": "252",
      "talkReltRuseIsrtyNm": "김광호",
      "talkReltJoinIsrtyId": "252",
      "talkReltJoinIsrtyNm": "김광호",
      "talkReltTelno": "010-7094-3584",
      "talkBgngDt": "2017-01-23 00:00:00.0",
      "talkEndDt": "2017-01-23 00:00:00.0",
      "talkTime": "15",
      "talkTyNm": "VOLTE 음성",
      "linkRelateLcNm": "경기도 고양시 일산서구 가좌동   1089-0 대우푸르지오아파트"
    },
    {
      "requestPage": 0,
      "rowCntByPage": 0,
      "rowAllCnt": 0,
      "lastPage": 0,
      "blockAllCnt": 0,
      "currentBlock": 0,
      "startPage": 0,
      "endPage": 0,
      "startRow": 0,
      "endRow": 0,
      "totalCnt": 0,
      "perPage": 0,
      "currPage": 0,
      "no": 0,
      "bkmkId": 0,
      "ruseIsrtyId": "91",
      "ruseIsrtyNm": "박씨",
      "joinIsrtyId": "91",
      "joinIsrtyNm": "박씨",
      "telno": "010-4369-4002",
      "talkReltRuseIsrtyId": "252",
      "talkReltRuseIsrtyNm": "김광호",
      "talkReltJoinIsrtyId": "252",
      "talkReltJoinIsrtyNm": "김광호",
      "talkReltTelno": "010-7094-3584",
      "talkBgngDt": "2017-01-23 00:00:00.0",
      "talkEndDt": "2017-01-23 00:00:00.0",
      "talkTime": "0",
      "talkTyNm": "VOLTE 문자",
      "linkRelateLcNm": ""
    },
    {
      "requestPage": 0,
      "rowCntByPage": 0,
      "rowAllCnt": 0,
      "lastPage": 0,
      "blockAllCnt": 0,
      "currentBlock": 0,
      "startPage": 0,
      "endPage": 0,
      "startRow": 0,
      "endRow": 0,
      "totalCnt": 0,
      "perPage": 0,
      "currPage": 0,
      "no": 0,
      "bkmkId": 0,
      "ruseIsrtyId": "91",
      "ruseIsrtyNm": "박씨",
      "joinIsrtyId": "91",
      "joinIsrtyNm": "박씨",
      "telno": "010-4369-4002",
      "talkReltRuseIsrtyId": "252",
      "talkReltRuseIsrtyNm": "김광호",
      "talkReltJoinIsrtyId": "252",
      "talkReltJoinIsrtyNm": "김광호",
      "talkReltTelno": "010-7094-3584",
      "talkBgngDt": "2017-01-23 00:00:00.0",
      "talkEndDt": "2017-01-23 00:00:00.0",
      "talkTime": "0",
      "talkTyNm": "MMS",
      "linkRelateLcNm": ""
    },
    {
      "requestPage": 0,
      "rowCntByPage": 0,
      "rowAllCnt": 0,
      "lastPage": 0,
      "blockAllCnt": 0,
      "currentBlock": 0,
      "startPage": 0,
      "endPage": 0,
      "startRow": 0,
      "endRow": 0,
      "totalCnt": 0,
      "perPage": 0,
      "currPage": 0,
      "no": 0,
      "bkmkId": 0,
      "ruseIsrtyId": "91",
      "ruseIsrtyNm": "박씨",
      "joinIsrtyId": "91",
      "joinIsrtyNm": "박씨",
      "telno": "010-4369-4002",
      "talkReltRuseIsrtyId": "252",
      "talkReltRuseIsrtyNm": "김광호",
      "talkReltJoinIsrtyId": "252",
      "talkReltJoinIsrtyNm": "김광호",
      "talkReltTelno": "010-7094-3584",
      "talkBgngDt": "2017-01-23 00:00:00.0",
      "talkEndDt": "2017-01-23 00:00:00.0",
      "talkTime": "0",
      "talkTyNm": "VOLTE 문자",
      "linkRelateLcNm": ""
    },
    {
      "requestPage": 0,
      "rowCntByPage": 0,
      "rowAllCnt": 0,
      "lastPage": 0,
      "blockAllCnt": 0,
      "currentBlock": 0,
      "startPage": 0,
      "endPage": 0,
      "startRow": 0,
      "endRow": 0,
      "totalCnt": 0,
      "perPage": 0,
      "currPage": 0,
      "no": 0,
      "bkmkId": 0,
      "ruseIsrtyId": "91",
      "ruseIsrtyNm": "박씨",
      "joinIsrtyId": "91",
      "joinIsrtyNm": "박씨",
      "telno": "010-4369-4002",
      "talkReltRuseIsrtyId": "252",
      "talkReltRuseIsrtyNm": "김광호",
      "talkReltJoinIsrtyId": "252",
      "talkReltJoinIsrtyNm": "김광호",
      "talkReltTelno": "010-7094-3584",
      "talkBgngDt": "2017-01-23 00:00:00.0",
      "talkEndDt": "2017-01-23 00:00:00.0",
      "talkTime": "0",
      "talkTyNm": "VOLTE 문자",
      "linkRelateLcNm": ""
    },
    {
      "requestPage": 0,
      "rowCntByPage": 0,
      "rowAllCnt": 0,
      "lastPage": 0,
      "blockAllCnt": 0,
      "currentBlock": 0,
      "startPage": 0,
      "endPage": 0,
      "startRow": 0,
      "endRow": 0,
      "totalCnt": 0,
      "perPage": 0,
      "currPage": 0,
      "no": 0,
      "bkmkId": 0,
      "ruseIsrtyId": "91",
      "ruseIsrtyNm": "박씨",
      "joinIsrtyId": "91",
      "joinIsrtyNm": "박씨",
      "telno": "010-4369-4002",
      "talkReltRuseIsrtyId": "252",
      "talkReltRuseIsrtyNm": "김광호",
      "talkReltJoinIsrtyId": "252",
      "talkReltJoinIsrtyNm": "김광호",
      "talkReltTelno": "010-7094-3584",
      "talkBgngDt": "2017-01-23 00:00:00.0",
      "talkEndDt": "2017-01-23 00:00:00.0",
      "talkTime": "0",
      "talkTyNm": "VOLTE 문자",
      "linkRelateLcNm": ""
    },
    {
      "requestPage": 0,
      "rowCntByPage": 0,
      "rowAllCnt": 0,
      "lastPage": 0,
      "blockAllCnt": 0,
      "currentBlock": 0,
      "startPage": 0,
      "endPage": 0,
      "startRow": 0,
      "endRow": 0,
      "totalCnt": 0,
      "perPage": 0,
      "currPage": 0,
      "no": 0,
      "bkmkId": 0,
      "ruseIsrtyId": "91",
      "ruseIsrtyNm": "박씨",
      "joinIsrtyId": "91",
      "joinIsrtyNm": "박씨",
      "telno": "010-4369-4002",
      "talkReltRuseIsrtyId": "252",
      "talkReltRuseIsrtyNm": "김광호",
      "talkReltJoinIsrtyId": "252",
      "talkReltJoinIsrtyNm": "김광호",
      "talkReltTelno": "010-7094-3584",
      "talkBgngDt": "2017-01-23 00:00:00.0",
      "talkEndDt": "2017-01-23 00:00:00.0",
      "talkTime": "0",
      "talkTyNm": "VOLTE 문자",
      "linkRelateLcNm": ""
    },
    {
      "requestPage": 0,
      "rowCntByPage": 0,
      "rowAllCnt": 0,
      "lastPage": 0,
      "blockAllCnt": 0,
      "currentBlock": 0,
      "startPage": 0,
      "endPage": 0,
      "startRow": 0,
      "endRow": 0,
      "totalCnt": 0,
      "perPage": 0,
      "currPage": 0,
      "no": 0,
      "bkmkId": 0,
      "ruseIsrtyId": "252",
      "ruseIsrtyNm": "김광호",
      "joinIsrtyId": "252",
      "joinIsrtyNm": "김광호",
      "telno": "010-7094-3584",
      "talkReltRuseIsrtyId": "103",
      "talkReltRuseIsrtyNm": "이세민",
      "talkReltJoinIsrtyId": "103",
      "talkReltJoinIsrtyNm": "이세민",
      "talkReltTelno": "010-2545-0690",
      "talkBgngDt": "2017-01-23 00:00:00.0",
      "talkEndDt": "2017-01-23 00:00:00.0",
      "talkTime": "7",
      "talkTyNm": "VOLTE-망외음성(VOLTE간)",
      "linkRelateLcNm": "경기도 고양시 일산동구 장항동 760-0"
    },
    {
      "requestPage": 0,
      "rowCntByPage": 0,
      "rowAllCnt": 0,
      "lastPage": 0,
      "blockAllCnt": 0,
      "currentBlock": 0,
      "startPage": 0,
      "endPage": 0,
      "startRow": 0,
      "endRow": 0,
      "totalCnt": 0,
      "perPage": 0,
      "currPage": 0,
      "no": 0,
      "bkmkId": 0,
      "ruseIsrtyId": "84",
      "ruseIsrtyNm": "임명희",
      "joinIsrtyId": "84",
      "joinIsrtyNm": "임명희",
      "telno": "010-2655-1655",
      "talkReltRuseIsrtyId": "252",
      "talkReltRuseIsrtyNm": "김광호",
      "talkReltJoinIsrtyId": "252",
      "talkReltJoinIsrtyNm": "김광호",
      "talkReltTelno": "010-7094-3584",
      "talkBgngDt": "2017-01-23 00:00:00.0",
      "talkEndDt": "2017-01-23 00:00:00.0",
      "talkTime": "16",
      "talkTyNm": "VOLTE 음성",
      "linkRelateLcNm": "서울시 서초구 서초동   1327-35 이익훈 어학원"
    },
    {
      "requestPage": 0,
      "rowCntByPage": 0,
      "rowAllCnt": 0,
      "lastPage": 0,
      "blockAllCnt": 0,
      "currentBlock": 0,
      "startPage": 0,
      "endPage": 0,
      "startRow": 0,
      "endRow": 0,
      "totalCnt": 0,
      "perPage": 0,
      "currPage": 0,
      "no": 0,
      "bkmkId": 0,
      "ruseIsrtyId": "103",
      "ruseIsrtyNm": "이세민",
      "joinIsrtyId": "103",
      "joinIsrtyNm": "이세민",
      "telno": "010-2545-0690",
      "talkReltRuseIsrtyId": "252",
      "talkReltRuseIsrtyNm": "김광호",
      "talkReltJoinIsrtyId": "252",
      "talkReltJoinIsrtyNm": "김광호",
      "talkReltTelno": "010-7094-3584",
      "talkBgngDt": "2017-01-23 00:00:00.0",
      "talkEndDt": "2017-01-23 00:00:00.0",
      "talkTime": "60",
      "talkTyNm": "VOLTE 음성",
      "linkRelateLcNm": "서울시 송파구 문정동   4-6 한영빌딩 2층"
    },
    {
      "requestPage": 0,
      "rowCntByPage": 0,
      "rowAllCnt": 0,
      "lastPage": 0,
      "blockAllCnt": 0,
      "currentBlock": 0,
      "startPage": 0,
      "endPage": 0,
      "startRow": 0,
      "endRow": 0,
      "totalCnt": 0,
      "perPage": 0,
      "currPage": 0,
      "no": 0,
      "bkmkId": 0,
      "ruseIsrtyId": "180",
      "ruseIsrtyNm": "황태수",
      "joinIsrtyId": "180",
      "joinIsrtyNm": "황태수",
      "telno": "010-8423-0214",
      "talkReltRuseIsrtyId": "252",
      "talkReltRuseIsrtyNm": "김광호",
      "talkReltJoinIsrtyId": "252",
      "talkReltJoinIsrtyNm": "김광호",
      "talkReltTelno": "010-8054-0005",
      "talkBgngDt": "2017-01-23 00:00:00.0",
      "talkEndDt": "2017-01-23 00:00:00.0",
      "talkTime": "171",
      "talkTyNm": "VOLTE 음성",
      "linkRelateLcNm": "서울시 마포구 신수동   312-2"
    },
    {
      "requestPage": 0,
      "rowCntByPage": 0,
      "rowAllCnt": 0,
      "lastPage": 0,
      "blockAllCnt": 0,
      "currentBlock": 0,
      "startPage": 0,
      "endPage": 0,
      "startRow": 0,
      "endRow": 0,
      "totalCnt": 0,
      "perPage": 0,
      "currPage": 0,
      "no": 0,
      "bkmkId": 0,
      "ruseIsrtyId": "84",
      "ruseIsrtyNm": "임명희",
      "joinIsrtyId": "84",
      "joinIsrtyNm": "임명희",
      "telno": "010-2655-1655",
      "talkReltRuseIsrtyId": "252",
      "talkReltRuseIsrtyNm": "김광호",
      "talkReltJoinIsrtyId": "252",
      "talkReltJoinIsrtyNm": "김광호",
      "talkReltTelno": "010-7094-3584",
      "talkBgngDt": "2017-01-23 00:00:00.0",
      "talkEndDt": "2017-01-23 00:00:00.0",
      "talkTime": "20",
      "talkTyNm": "VOLTE 음성",
      "linkRelateLcNm": "(10523) 경기도 고양시 덕양구 행신동   714-1 행신동 유선국사"
    },
    {
      "requestPage": 0,
      "rowCntByPage": 0,
      "rowAllCnt": 0,
      "lastPage": 0,
      "blockAllCnt": 0,
      "currentBlock": 0,
      "startPage": 0,
      "endPage": 0,
      "startRow": 0,
      "endRow": 0,
      "totalCnt": 0,
      "perPage": 0,
      "currPage": 0,
      "no": 0,
      "bkmkId": 0,
      "ruseIsrtyId": "252",
      "ruseIsrtyNm": "김광호",
      "joinIsrtyId": "252",
      "joinIsrtyNm": "김광호",
      "telno": "010-7094-3584",
      "talkReltRuseIsrtyId": "73",
      "talkReltRuseIsrtyNm": "심재용",
      "talkReltJoinIsrtyId": "73",
      "talkReltJoinIsrtyNm": "심재용",
      "talkReltTelno": "010-8054-3483",
      "talkBgngDt": "2017-01-23 00:00:00.0",
      "talkEndDt": "2017-01-23 00:00:00.0",
      "talkTime": "61",
      "talkTyNm": "VOLTE-망내음성(VOLTE간)",
      "linkRelateLcNm": "경기도 고양시 일산동구 장항동 760-0"
    },
    {
      "requestPage": 0,
      "rowCntByPage": 0,
      "rowAllCnt": 0,
      "lastPage": 0,
      "blockAllCnt": 0,
      "currentBlock": 0,
      "startPage": 0,
      "endPage": 0,
      "startRow": 0,
      "endRow": 0,
      "totalCnt": 0,
      "perPage": 0,
      "currPage": 0,
      "no": 0,
      "bkmkId": 0,
      "ruseIsrtyId": "84",
      "ruseIsrtyNm": "임명희",
      "joinIsrtyId": "84",
      "joinIsrtyNm": "임명희",
      "telno": "010-2655-1655",
      "talkReltRuseIsrtyId": "252",
      "talkReltRuseIsrtyNm": "김광호",
      "talkReltJoinIsrtyId": "252",
      "talkReltJoinIsrtyNm": "김광호",
      "talkReltTelno": "010-7094-3584",
      "talkBgngDt": "2017-01-23 00:00:00.0",
      "talkEndDt": "2017-01-23 00:00:00.0",
      "talkTime": "36",
      "talkTyNm": "VOLTE 음성",
      "linkRelateLcNm": "경기도 고양시 일산동구 장항동   507-19 한기공용강관주"
    },
    {
      "requestPage": 0,
      "rowCntByPage": 0,
      "rowAllCnt": 0,
      "lastPage": 0,
      "blockAllCnt": 0,
      "currentBlock": 0,
      "startPage": 0,
      "endPage": 0,
      "startRow": 0,
      "endRow": 0,
      "totalCnt": 0,
      "perPage": 0,
      "currPage": 0,
      "no": 0,
      "bkmkId": 0,
      "ruseIsrtyId": "252",
      "ruseIsrtyNm": "김광호",
      "joinIsrtyId": "252",
      "joinIsrtyNm": "김광호",
      "telno": "010-7094-3584",
      "talkReltRuseIsrtyId": "84",
      "talkReltRuseIsrtyNm": "임명희",
      "talkReltJoinIsrtyId": "84",
      "talkReltJoinIsrtyNm": "임명희",
      "talkReltTelno": "010-2655-1655",
      "talkBgngDt": "2017-01-23 00:00:00.0",
      "talkEndDt": "2017-01-23 00:00:00.0",
      "talkTime": "14",
      "talkTyNm": "VOLTE-망외음성(VOLTE간)",
      "linkRelateLcNm": "경기도 고양시 일산동구 장항동 730-0"
    },
    {
      "requestPage": 0,
      "rowCntByPage": 0,
      "rowAllCnt": 0,
      "lastPage": 0,
      "blockAllCnt": 0,
      "currentBlock": 0,
      "startPage": 0,
      "endPage": 0,
      "startRow": 0,
      "endRow": 0,
      "totalCnt": 0,
      "perPage": 0,
      "currPage": 0,
      "no": 0,
      "bkmkId": 0,
      "ruseIsrtyId": "252",
      "ruseIsrtyNm": "김광호",
      "joinIsrtyId": "252",
      "joinIsrtyNm": "김광호",
      "telno": "010-8054-0005",
      "talkReltRuseIsrtyId": "203",
      "talkReltRuseIsrtyNm": "김성호",
      "talkReltJoinIsrtyId": "203",
      "talkReltJoinIsrtyNm": "김성호",
      "talkReltTelno": "010-4603-6920",
      "talkBgngDt": "2017-01-23 00:00:00.0",
      "talkEndDt": "2017-01-23 00:00:00.0",
      "talkTime": "35",
      "talkTyNm": "VOLTE 음성",
      "linkRelateLcNm": "서울시 영등포구 신길동   4921-7 빌라5층옥탑"
    },
    {
      "requestPage": 0,
      "rowCntByPage": 0,
      "rowAllCnt": 0,
      "lastPage": 0,
      "blockAllCnt": 0,
      "currentBlock": 0,
      "startPage": 0,
      "endPage": 0,
      "startRow": 0,
      "endRow": 0,
      "totalCnt": 0,
      "perPage": 0,
      "currPage": 0,
      "no": 0,
      "bkmkId": 0,
      "ruseIsrtyId": "252",
      "ruseIsrtyNm": "김광호",
      "joinIsrtyId": "252",
      "joinIsrtyNm": "김광호",
      "telno": "010-7094-3584",
      "talkReltRuseIsrtyId": "161",
      "talkReltRuseIsrtyNm": "이동진",
      "talkReltJoinIsrtyId": "161",
      "talkReltJoinIsrtyNm": "이동진",
      "talkReltTelno": "010-7431-0053",
      "talkBgngDt": "2017-01-23 00:00:00.0",
      "talkEndDt": "2017-01-23 00:00:00.0",
      "talkTime": "20",
      "talkTyNm": "VOLTE-망외음성(VOLTE간)",
      "linkRelateLcNm": "경기도 고양시 일산동구 장항동 760-0"
    },
    {
      "requestPage": 0,
      "rowCntByPage": 0,
      "rowAllCnt": 0,
      "lastPage": 0,
      "blockAllCnt": 0,
      "currentBlock": 0,
      "startPage": 0,
      "endPage": 0,
      "startRow": 0,
      "endRow": 0,
      "totalCnt": 0,
      "perPage": 0,
      "currPage": 0,
      "no": 0,
      "bkmkId": 0,
      "ruseIsrtyId": "168",
      "ruseIsrtyNm": "조준구",
      "joinIsrtyId": "168",
      "joinIsrtyNm": "조준구",
      "telno": "010-6111-2788",
      "talkReltRuseIsrtyId": "252",
      "talkReltRuseIsrtyNm": "김광호",
      "talkReltJoinIsrtyId": "252",
      "talkReltJoinIsrtyNm": "김광호",
      "talkReltTelno": "010-7094-3584",
      "talkBgngDt": "2017-01-23 00:00:00.0",
      "talkEndDt": "2017-01-23 00:00:00.0",
      "talkTime": "31",
      "talkTyNm": "",
      "linkRelateLcNm": "서울특별시 금천구 독산동 1009-34"
    },
    {
      "requestPage": 0,
      "rowCntByPage": 0,
      "rowAllCnt": 0,
      "lastPage": 0,
      "blockAllCnt": 0,
      "currentBlock": 0,
      "startPage": 0,
      "endPage": 0,
      "startRow": 0,
      "endRow": 0,
      "totalCnt": 0,
      "perPage": 0,
      "currPage": 0,
      "no": 0,
      "bkmkId": 0,
      "ruseIsrtyId": "312",
      "ruseIsrtyNm": "박원해",
      "joinIsrtyId": "312",
      "joinIsrtyNm": "박원해",
      "telno": "010-3955-9141",
      "talkReltRuseIsrtyId": "312",
      "talkReltRuseIsrtyNm": "박원해",
      "talkReltJoinIsrtyId": "312",
      "talkReltJoinIsrtyNm": "박원해",
      "talkReltTelno": "010-3955-9141",
      "talkBgngDt": "2017-01-16 00:00:00.0",
      "talkEndDt": "2017-01-16 00:00:00.0",
      "talkTime": "0",
      "talkTyNm": "국내음성통화",
      "linkRelateLcNm": "PP"
    },
    {
      "requestPage": 0,
      "rowCntByPage": 0,
      "rowAllCnt": 0,
      "lastPage": 0,
      "blockAllCnt": 0,
      "currentBlock": 0,
      "startPage": 0,
      "endPage": 0,
      "startRow": 0,
      "endRow": 0,
      "totalCnt": 0,
      "perPage": 0,
      "currPage": 0,
      "no": 0,
      "bkmkId": 0,
      "ruseIsrtyId": "252",
      "ruseIsrtyNm": "김광호",
      "joinIsrtyId": "252",
      "joinIsrtyNm": "김광호",
      "telno": "010-7094-3584",
      "talkReltRuseIsrtyId": "288",
      "talkReltRuseIsrtyNm": "우일동",
      "talkReltJoinIsrtyId": "288",
      "talkReltJoinIsrtyNm": "우일동",
      "talkReltTelno": "010-8378-1361",
      "talkBgngDt": "2017-01-16 00:00:00.0",
      "talkEndDt": "2017-01-16 00:00:00.0",
      "talkTime": "17",
      "talkTyNm": "VOLTE-망외음성(VOLTE간)",
      "linkRelateLcNm": "경기도 고양시 일산동구 장항동 760-0"
    },
    {
      "requestPage": 0,
      "rowCntByPage": 0,
      "rowAllCnt": 0,
      "lastPage": 0,
      "blockAllCnt": 0,
      "currentBlock": 0,
      "startPage": 0,
      "endPage": 0,
      "startRow": 0,
      "endRow": 0,
      "totalCnt": 0,
      "perPage": 0,
      "currPage": 0,
      "no": 0,
      "bkmkId": 0,
      "ruseIsrtyId": "252",
      "ruseIsrtyNm": "김광호",
      "joinIsrtyId": "252",
      "joinIsrtyNm": "김광호",
      "telno": "010-7094-3584",
      "talkReltRuseIsrtyId": "161",
      "talkReltRuseIsrtyNm": "이동진",
      "talkReltJoinIsrtyId": "161",
      "talkReltJoinIsrtyNm": "이동진",
      "talkReltTelno": "010-7431-0053",
      "talkBgngDt": "2017-01-16 00:00:00.0",
      "talkEndDt": "2017-01-16 00:00:00.0",
      "talkTime": "38",
      "talkTyNm": "VOLTE-망외음성(VOLTE간)",
      "linkRelateLcNm": "경기도 고양시 일산동구 마두동 1010-0"
    },
    {
      "requestPage": 0,
      "rowCntByPage": 0,
      "rowAllCnt": 0,
      "lastPage": 0,
      "blockAllCnt": 0,
      "currentBlock": 0,
      "startPage": 0,
      "endPage": 0,
      "startRow": 0,
      "endRow": 0,
      "totalCnt": 0,
      "perPage": 0,
      "currPage": 0,
      "no": 0,
      "bkmkId": 0,
      "ruseIsrtyId": "161",
      "ruseIsrtyNm": "이동진",
      "joinIsrtyId": "161",
      "joinIsrtyNm": "이동진",
      "telno": "010-7431-0053",
      "talkReltRuseIsrtyId": "252",
      "talkReltRuseIsrtyNm": "김광호",
      "talkReltJoinIsrtyId": "252",
      "talkReltJoinIsrtyNm": "김광호",
      "talkReltTelno": "010-7094-3584",
      "talkBgngDt": "2017-01-16 00:00:00.0",
      "talkEndDt": "2017-01-16 00:00:00.0",
      "talkTime": "8",
      "talkTyNm": "VOLTE 음성",
      "linkRelateLcNm": "경기도 고양시 일산동구 장항동   735-1 풍성프라자"
    },
    {
      "requestPage": 0,
      "rowCntByPage": 0,
      "rowAllCnt": 0,
      "lastPage": 0,
      "blockAllCnt": 0,
      "currentBlock": 0,
      "startPage": 0,
      "endPage": 0,
      "startRow": 0,
      "endRow": 0,
      "totalCnt": 0,
      "perPage": 0,
      "currPage": 0,
      "no": 0,
      "bkmkId": 0,
      "ruseIsrtyId": "252",
      "ruseIsrtyNm": "김광호",
      "joinIsrtyId": "252",
      "joinIsrtyNm": "김광호",
      "telno": "010-7094-3584",
      "talkReltRuseIsrtyId": "161",
      "talkReltRuseIsrtyNm": "이동진",
      "talkReltJoinIsrtyId": "161",
      "talkReltJoinIsrtyNm": "이동진",
      "talkReltTelno": "010-7431-0053",
      "talkBgngDt": "2017-01-16 00:00:00.0",
      "talkEndDt": "2017-01-16 00:00:00.0",
      "talkTime": "45",
      "talkTyNm": "VOLTE-망외음성(VOLTE간)",
      "linkRelateLcNm": "경기도 고양시 일산동구 마두동 1010-0"
    },
    {
      "requestPage": 0,
      "rowCntByPage": 0,
      "rowAllCnt": 0,
      "lastPage": 0,
      "blockAllCnt": 0,
      "currentBlock": 0,
      "startPage": 0,
      "endPage": 0,
      "startRow": 0,
      "endRow": 0,
      "totalCnt": 0,
      "perPage": 0,
      "currPage": 0,
      "no": 0,
      "bkmkId": 0,
      "ruseIsrtyId": "252",
      "ruseIsrtyNm": "김광호",
      "joinIsrtyId": "252",
      "joinIsrtyNm": "김광호",
      "telno": "010-7094-3584",
      "talkReltRuseIsrtyId": "161",
      "talkReltRuseIsrtyNm": "이동진",
      "talkReltJoinIsrtyId": "161",
      "talkReltJoinIsrtyNm": "이동진",
      "talkReltTelno": "010-7431-0053",
      "talkBgngDt": "2017-01-16 00:00:00.0",
      "talkEndDt": "2017-01-16 00:00:00.0",
      "talkTime": "52",
      "talkTyNm": "VOLTE-망외음성(VOLTE간)",
      "linkRelateLcNm": "경기도 고양시 일산동구 마두동 1010-0"
    },
    {
      "requestPage": 0,
      "rowCntByPage": 0,
      "rowAllCnt": 0,
      "lastPage": 0,
      "blockAllCnt": 0,
      "currentBlock": 0,
      "startPage": 0,
      "endPage": 0,
      "startRow": 0,
      "endRow": 0,
      "totalCnt": 0,
      "perPage": 0,
      "currPage": 0,
      "no": 0,
      "bkmkId": 0,
      "ruseIsrtyId": "252",
      "ruseIsrtyNm": "김광호",
      "joinIsrtyId": "252",
      "joinIsrtyNm": "김광호",
      "telno": "010-7094-3584",
      "talkReltRuseIsrtyId": "161",
      "talkReltRuseIsrtyNm": "이동진",
      "talkReltJoinIsrtyId": "161",
      "talkReltJoinIsrtyNm": "이동진",
      "talkReltTelno": "010-7431-0053",
      "talkBgngDt": "2017-01-16 00:00:00.0",
      "talkEndDt": "2017-01-16 00:00:00.0",
      "talkTime": "74",
      "talkTyNm": "VOLTE-망외음성(VOLTE간)",
      "linkRelateLcNm": "경기도 고양시 일산동구 마두동 1010-0"
    },
    {
      "requestPage": 0,
      "rowCntByPage": 0,
      "rowAllCnt": 0,
      "lastPage": 0,
      "blockAllCnt": 0,
      "currentBlock": 0,
      "startPage": 0,
      "endPage": 0,
      "startRow": 0,
      "endRow": 0,
      "totalCnt": 0,
      "perPage": 0,
      "currPage": 0,
      "no": 0,
      "bkmkId": 0,
      "ruseIsrtyId": "252",
      "ruseIsrtyNm": "김광호",
      "joinIsrtyId": "252",
      "joinIsrtyNm": "김광호",
      "telno": "010-8054-0005",
      "talkReltRuseIsrtyId": "159",
      "talkReltRuseIsrtyNm": "복동이",
      "talkReltJoinIsrtyId": "159",
      "talkReltJoinIsrtyNm": "복동이",
      "talkReltTelno": "010-9166-6629",
      "talkBgngDt": "2017-01-16 00:00:00.0",
      "talkEndDt": "2017-01-16 00:00:00.0",
      "talkTime": "0",
      "talkTyNm": "VOLTE 문자",
      "linkRelateLcNm": ""
    },
    {
      "requestPage": 0,
      "rowCntByPage": 0,
      "rowAllCnt": 0,
      "lastPage": 0,
      "blockAllCnt": 0,
      "currentBlock": 0,
      "startPage": 0,
      "endPage": 0,
      "startRow": 0,
      "endRow": 0,
      "totalCnt": 0,
      "perPage": 0,
      "currPage": 0,
      "no": 0,
      "bkmkId": 0,
      "ruseIsrtyId": "159",
      "ruseIsrtyNm": "복동이",
      "joinIsrtyId": "159",
      "joinIsrtyNm": "복동이",
      "telno": "010-9166-6629",
      "talkReltRuseIsrtyId": "252",
      "talkReltRuseIsrtyNm": "김광호",
      "talkReltJoinIsrtyId": "252",
      "talkReltJoinIsrtyNm": "김광호",
      "talkReltTelno": "010-8054-0005",
      "talkBgngDt": "2017-01-16 00:00:00.0",
      "talkEndDt": "2017-01-16 00:00:00.0",
      "talkTime": "2",
      "talkTyNm": "폰메일통화",
      "linkRelateLcNm": "HS01"
    },
    {
      "requestPage": 0,
      "rowCntByPage": 0,
      "rowAllCnt": 0,
      "lastPage": 0,
      "blockAllCnt": 0,
      "currentBlock": 0,
      "startPage": 0,
      "endPage": 0,
      "startRow": 0,
      "endRow": 0,
      "totalCnt": 0,
      "perPage": 0,
      "currPage": 0,
      "no": 0,
      "bkmkId": 0,
      "ruseIsrtyId": "252",
      "ruseIsrtyNm": "김광호",
      "joinIsrtyId": "252",
      "joinIsrtyNm": "김광호",
      "telno": "010-8054-0005",
      "talkReltRuseIsrtyId": "159",
      "talkReltRuseIsrtyNm": "복동이",
      "talkReltJoinIsrtyId": "159",
      "talkReltJoinIsrtyNm": "복동이",
      "talkReltTelno": "010-9166-6629",
      "talkBgngDt": "2017-01-16 00:00:00.0",
      "talkEndDt": "2017-01-16 00:00:00.0",
      "talkTime": "0",
      "talkTyNm": "VOLTE 문자",
      "linkRelateLcNm": ""
    },
    {
      "requestPage": 0,
      "rowCntByPage": 0,
      "rowAllCnt": 0,
      "lastPage": 0,
      "blockAllCnt": 0,
      "currentBlock": 0,
      "startPage": 0,
      "endPage": 0,
      "startRow": 0,
      "endRow": 0,
      "totalCnt": 0,
      "perPage": 0,
      "currPage": 0,
      "no": 0,
      "bkmkId": 0,
      "ruseIsrtyId": "159",
      "ruseIsrtyNm": "복동이",
      "joinIsrtyId": "159",
      "joinIsrtyNm": "복동이",
      "telno": "010-9166-6629",
      "talkReltRuseIsrtyId": "252",
      "talkReltRuseIsrtyNm": "김광호",
      "talkReltJoinIsrtyId": "252",
      "talkReltJoinIsrtyNm": "김광호",
      "talkReltTelno": "010-8054-0005",
      "talkBgngDt": "2017-01-16 00:00:00.0",
      "talkEndDt": "2017-01-16 00:00:00.0",
      "talkTime": "2",
      "talkTyNm": "폰메일통화",
      "linkRelateLcNm": "HS01"
    },
    {
      "requestPage": 0,
      "rowCntByPage": 0,
      "rowAllCnt": 0,
      "lastPage": 0,
      "blockAllCnt": 0,
      "currentBlock": 0,
      "startPage": 0,
      "endPage": 0,
      "startRow": 0,
      "endRow": 0,
      "totalCnt": 0,
      "perPage": 0,
      "currPage": 0,
      "no": 0,
      "bkmkId": 0,
      "ruseIsrtyId": "252",
      "ruseIsrtyNm": "김광호",
      "joinIsrtyId": "252",
      "joinIsrtyNm": "김광호",
      "telno": "010-8054-0005",
      "talkReltRuseIsrtyId": "159",
      "talkReltRuseIsrtyNm": "복동이",
      "talkReltJoinIsrtyId": "159",
      "talkReltJoinIsrtyNm": "복동이",
      "talkReltTelno": "010-9166-6629",
      "talkBgngDt": "2017-01-16 00:00:00.0",
      "talkEndDt": "2017-01-16 00:00:00.0",
      "talkTime": "86",
      "talkTyNm": "VOLTE 음성",
      "linkRelateLcNm": "서울시 영등포구 신길동   4921-7 빌라5층옥탑"
    },
    {
      "requestPage": 0,
      "rowCntByPage": 0,
      "rowAllCnt": 0,
      "lastPage": 0,
      "blockAllCnt": 0,
      "currentBlock": 0,
      "startPage": 0,
      "endPage": 0,
      "startRow": 0,
      "endRow": 0,
      "totalCnt": 0,
      "perPage": 0,
      "currPage": 0,
      "no": 0,
      "bkmkId": 0,
      "ruseIsrtyId": "252",
      "ruseIsrtyNm": "김광호",
      "joinIsrtyId": "252",
      "joinIsrtyNm": "김광호",
      "telno": "010-8054-0005",
      "talkReltRuseIsrtyId": "159",
      "talkReltRuseIsrtyNm": "복동이",
      "talkReltJoinIsrtyId": "159",
      "talkReltJoinIsrtyNm": "복동이",
      "talkReltTelno": "010-9166-6629",
      "talkBgngDt": "2017-01-16 00:00:00.0",
      "talkEndDt": "2017-01-16 00:00:00.0",
      "talkTime": "0",
      "talkTyNm": "VOLTE 문자",
      "linkRelateLcNm": ""
    },
    {
      "requestPage": 0,
      "rowCntByPage": 0,
      "rowAllCnt": 0,
      "lastPage": 0,
      "blockAllCnt": 0,
      "currentBlock": 0,
      "startPage": 0,
      "endPage": 0,
      "startRow": 0,
      "endRow": 0,
      "totalCnt": 0,
      "perPage": 0,
      "currPage": 0,
      "no": 0,
      "bkmkId": 0,
      "ruseIsrtyId": "159",
      "ruseIsrtyNm": "복동이",
      "joinIsrtyId": "159",
      "joinIsrtyNm": "복동이",
      "telno": "010-9166-6629",
      "talkReltRuseIsrtyId": "252",
      "talkReltRuseIsrtyNm": "김광호",
      "talkReltJoinIsrtyId": "252",
      "talkReltJoinIsrtyNm": "김광호",
      "talkReltTelno": "010-8054-0005",
      "talkBgngDt": "2017-01-16 00:00:00.0",
      "talkEndDt": "2017-01-16 00:00:00.0",
      "talkTime": "4",
      "talkTyNm": "폰메일통화",
      "linkRelateLcNm": "HS01"
    },
    {
      "requestPage": 0,
      "rowCntByPage": 0,
      "rowAllCnt": 0,
      "lastPage": 0,
      "blockAllCnt": 0,
      "currentBlock": 0,
      "startPage": 0,
      "endPage": 0,
      "startRow": 0,
      "endRow": 0,
      "totalCnt": 0,
      "perPage": 0,
      "currPage": 0,
      "no": 0,
      "bkmkId": 0,
      "ruseIsrtyId": "252",
      "ruseIsrtyNm": "김광호",
      "joinIsrtyId": "252",
      "joinIsrtyNm": "김광호",
      "telno": "010-8054-0005",
      "talkReltRuseIsrtyId": "159",
      "talkReltRuseIsrtyNm": "복동이",
      "talkReltJoinIsrtyId": "159",
      "talkReltJoinIsrtyNm": "복동이",
      "talkReltTelno": "010-9166-6629",
      "talkBgngDt": "2017-01-16 00:00:00.0",
      "talkEndDt": "2017-01-16 00:00:00.0",
      "talkTime": "0",
      "talkTyNm": "VOLTE 문자",
      "linkRelateLcNm": ""
    },
    {
      "requestPage": 0,
      "rowCntByPage": 0,
      "rowAllCnt": 0,
      "lastPage": 0,
      "blockAllCnt": 0,
      "currentBlock": 0,
      "startPage": 0,
      "endPage": 0,
      "startRow": 0,
      "endRow": 0,
      "totalCnt": 0,
      "perPage": 0,
      "currPage": 0,
      "no": 0,
      "bkmkId": 0,
      "ruseIsrtyId": "159",
      "ruseIsrtyNm": "복동이",
      "joinIsrtyId": "159",
      "joinIsrtyNm": "복동이",
      "telno": "010-9166-6629",
      "talkReltRuseIsrtyId": "252",
      "talkReltRuseIsrtyNm": "김광호",
      "talkReltJoinIsrtyId": "252",
      "talkReltJoinIsrtyNm": "김광호",
      "talkReltTelno": "010-8054-0005",
      "talkBgngDt": "2017-01-16 00:00:00.0",
      "talkEndDt": "2017-01-16 00:00:00.0",
      "talkTime": "2",
      "talkTyNm": "폰메일통화",
      "linkRelateLcNm": "HS01"
    },
    {
      "requestPage": 0,
      "rowCntByPage": 0,
      "rowAllCnt": 0,
      "lastPage": 0,
      "blockAllCnt": 0,
      "currentBlock": 0,
      "startPage": 0,
      "endPage": 0,
      "startRow": 0,
      "endRow": 0,
      "totalCnt": 0,
      "perPage": 0,
      "currPage": 0,
      "no": 0,
      "bkmkId": 0,
      "ruseIsrtyId": "252",
      "ruseIsrtyNm": "김광호",
      "joinIsrtyId": "252",
      "joinIsrtyNm": "김광호",
      "telno": "010-7094-3584",
      "talkReltRuseIsrtyId": "159",
      "talkReltRuseIsrtyNm": "복동이",
      "talkReltJoinIsrtyId": "159",
      "talkReltJoinIsrtyNm": "복동이",
      "talkReltTelno": "010-9166-6629",
      "talkBgngDt": "2017-01-16 00:00:00.0",
      "talkEndDt": "2017-01-16 00:00:00.0",
      "talkTime": "125",
      "talkTyNm": "VOLTE-망외음성(VOLTE간)",
      "linkRelateLcNm": "경기도 고양시 일산동구 마두동 1010-0"
    },
    {
      "requestPage": 0,
      "rowCntByPage": 0,
      "rowAllCnt": 0,
      "lastPage": 0,
      "blockAllCnt": 0,
      "currentBlock": 0,
      "startPage": 0,
      "endPage": 0,
      "startRow": 0,
      "endRow": 0,
      "totalCnt": 0,
      "perPage": 0,
      "currPage": 0,
      "no": 0,
      "bkmkId": 0,
      "ruseIsrtyId": "252",
      "ruseIsrtyNm": "김광호",
      "joinIsrtyId": "252",
      "joinIsrtyNm": "김광호",
      "telno": "010-8054-0005",
      "talkReltRuseIsrtyId": "159",
      "talkReltRuseIsrtyNm": "복동이",
      "talkReltJoinIsrtyId": "159",
      "talkReltJoinIsrtyNm": "복동이",
      "talkReltTelno": "010-9166-6629",
      "talkBgngDt": "2017-01-16 00:00:00.0",
      "talkEndDt": "2017-01-16 00:00:00.0",
      "talkTime": "0",
      "talkTyNm": "VOLTE 문자",
      "linkRelateLcNm": ""
    },
    {
      "requestPage": 0,
      "rowCntByPage": 0,
      "rowAllCnt": 0,
      "lastPage": 0,
      "blockAllCnt": 0,
      "currentBlock": 0,
      "startPage": 0,
      "endPage": 0,
      "startRow": 0,
      "endRow": 0,
      "totalCnt": 0,
      "perPage": 0,
      "currPage": 0,
      "no": 0,
      "bkmkId": 0,
      "ruseIsrtyId": "159",
      "ruseIsrtyNm": "복동이",
      "joinIsrtyId": "159",
      "joinIsrtyNm": "복동이",
      "telno": "010-9166-6629",
      "talkReltRuseIsrtyId": "252",
      "talkReltRuseIsrtyNm": "김광호",
      "talkReltJoinIsrtyId": "252",
      "talkReltJoinIsrtyNm": "김광호",
      "talkReltTelno": "010-8054-0005",
      "talkBgngDt": "2017-01-16 00:00:00.0",
      "talkEndDt": "2017-01-16 00:00:00.0",
      "talkTime": "53",
      "talkTyNm": "국내음성통화",
      "linkRelateLcNm": "상주시낙동면내곡리 498 - 1 ."
    },
    {
      "requestPage": 0,
      "rowCntByPage": 0,
      "rowAllCnt": 0,
      "lastPage": 0,
      "blockAllCnt": 0,
      "currentBlock": 0,
      "startPage": 0,
      "endPage": 0,
      "startRow": 0,
      "endRow": 0,
      "totalCnt": 0,
      "perPage": 0,
      "currPage": 0,
      "no": 0,
      "bkmkId": 0,
      "ruseIsrtyId": "84",
      "ruseIsrtyNm": "임명희",
      "joinIsrtyId": "84",
      "joinIsrtyNm": "임명희",
      "telno": "010-2655-1655",
      "talkReltRuseIsrtyId": "252",
      "talkReltRuseIsrtyNm": "김광호",
      "talkReltJoinIsrtyId": "252",
      "talkReltJoinIsrtyNm": "김광호",
      "talkReltTelno": "010-7094-3584",
      "talkBgngDt": "2017-01-16 00:00:00.0",
      "talkEndDt": "2017-01-16 00:00:00.0",
      "talkTime": "44",
      "talkTyNm": "VOLTE 음성",
      "linkRelateLcNm": "서울시 서초구 서초동   1679-1 서초코업레지던스"
    },
    {
      "requestPage": 0,
      "rowCntByPage": 0,
      "rowAllCnt": 0,
      "lastPage": 0,
      "blockAllCnt": 0,
      "currentBlock": 0,
      "startPage": 0,
      "endPage": 0,
      "startRow": 0,
      "endRow": 0,
      "totalCnt": 0,
      "perPage": 0,
      "currPage": 0,
      "no": 0,
      "bkmkId": 0,
      "ruseIsrtyId": "84",
      "ruseIsrtyNm": "임명희",
      "joinIsrtyId": "84",
      "joinIsrtyNm": "임명희",
      "telno": "010-2655-1655",
      "talkReltRuseIsrtyId": "252",
      "talkReltRuseIsrtyNm": "김광호",
      "talkReltJoinIsrtyId": "252",
      "talkReltJoinIsrtyNm": "김광호",
      "talkReltTelno": "010-7094-3584",
      "talkBgngDt": "2017-01-16 00:00:00.0",
      "talkEndDt": "2017-01-16 00:00:00.0",
      "talkTime": "22",
      "talkTyNm": "VOLTE 음성",
      "linkRelateLcNm": "경기도 고양시 일산서구 가좌동 863 드림라인 강관주"
    },
    {
      "requestPage": 0,
      "rowCntByPage": 0,
      "rowAllCnt": 0,
      "lastPage": 0,
      "blockAllCnt": 0,
      "currentBlock": 0,
      "startPage": 0,
      "endPage": 0,
      "startRow": 0,
      "endRow": 0,
      "totalCnt": 0,
      "perPage": 0,
      "currPage": 0,
      "no": 0,
      "bkmkId": 0,
      "ruseIsrtyId": "252",
      "ruseIsrtyNm": "김광호",
      "joinIsrtyId": "252",
      "joinIsrtyNm": "김광호",
      "telno": "010-7094-3584",
      "talkReltRuseIsrtyId": "211",
      "talkReltRuseIsrtyNm": "최환국",
      "talkReltJoinIsrtyId": "211",
      "talkReltJoinIsrtyNm": "최환국",
      "talkReltTelno": "010-4028-2020",
      "talkBgngDt": "2017-01-16 00:00:00.0",
      "talkEndDt": "2017-01-16 00:00:00.0",
      "talkTime": "25",
      "talkTyNm": "VOLTE-망내음성(VOLTE간)",
      "linkRelateLcNm": "경기도 고양시 일산동구 장항동 846-0"
    },
    {
      "requestPage": 0,
      "rowCntByPage": 0,
      "rowAllCnt": 0,
      "lastPage": 0,
      "blockAllCnt": 0,
      "currentBlock": 0,
      "startPage": 0,
      "endPage": 0,
      "startRow": 0,
      "endRow": 0,
      "totalCnt": 0,
      "perPage": 0,
      "currPage": 0,
      "no": 0,
      "bkmkId": 0,
      "ruseIsrtyId": "211",
      "ruseIsrtyNm": "최환국",
      "joinIsrtyId": "211",
      "joinIsrtyNm": "최환국",
      "telno": "010-4028-2020",
      "talkReltRuseIsrtyId": "252",
      "talkReltRuseIsrtyNm": "김광호",
      "talkReltJoinIsrtyId": "252",
      "talkReltJoinIsrtyNm": "김광호",
      "talkReltTelno": "010-7094-3584",
      "talkBgngDt": "2017-01-16 00:00:00.0",
      "talkEndDt": "2017-01-16 00:00:00.0",
      "talkTime": "26",
      "talkTyNm": "",
      "linkRelateLcNm": "서울특별시 동작구 상도동 473-10"
    },
    {
      "requestPage": 0,
      "rowCntByPage": 0,
      "rowAllCnt": 0,
      "lastPage": 0,
      "blockAllCnt": 0,
      "currentBlock": 0,
      "startPage": 0,
      "endPage": 0,
      "startRow": 0,
      "endRow": 0,
      "totalCnt": 0,
      "perPage": 0,
      "currPage": 0,
      "no": 0,
      "bkmkId": 0,
      "ruseIsrtyId": "211",
      "ruseIsrtyNm": "최환국",
      "joinIsrtyId": "211",
      "joinIsrtyNm": "최환국",
      "telno": "010-4028-2020",
      "talkReltRuseIsrtyId": "252",
      "talkReltRuseIsrtyNm": "김광호",
      "talkReltJoinIsrtyId": "252",
      "talkReltJoinIsrtyNm": "김광호",
      "talkReltTelno": "010-7094-3584",
      "talkBgngDt": "2017-01-16 00:00:00.0",
      "talkEndDt": "2017-01-16 00:00:00.0",
      "talkTime": "44",
      "talkTyNm": "",
      "linkRelateLcNm": "서울특별시 동작구 상도동 468-2"
    },
    {
      "requestPage": 0,
      "rowCntByPage": 0,
      "rowAllCnt": 0,
      "lastPage": 0,
      "blockAllCnt": 0,
      "currentBlock": 0,
      "startPage": 0,
      "endPage": 0,
      "startRow": 0,
      "endRow": 0,
      "totalCnt": 0,
      "perPage": 0,
      "currPage": 0,
      "no": 0,
      "bkmkId": 0,
      "ruseIsrtyId": "252",
      "ruseIsrtyNm": "김광호",
      "joinIsrtyId": "252",
      "joinIsrtyNm": "김광호",
      "telno": "010-8054-0005",
      "talkReltRuseIsrtyId": "159",
      "talkReltRuseIsrtyNm": "복동이",
      "talkReltJoinIsrtyId": "159",
      "talkReltJoinIsrtyNm": "복동이",
      "talkReltTelno": "010-9166-6629",
      "talkBgngDt": "2017-01-16 00:00:00.0",
      "talkEndDt": "2017-01-16 00:00:00.0",
      "talkTime": "0",
      "talkTyNm": "VOLTE 문자",
      "linkRelateLcNm": ""
    },
    {
      "requestPage": 0,
      "rowCntByPage": 0,
      "rowAllCnt": 0,
      "lastPage": 0,
      "blockAllCnt": 0,
      "currentBlock": 0,
      "startPage": 0,
      "endPage": 0,
      "startRow": 0,
      "endRow": 0,
      "totalCnt": 0,
      "perPage": 0,
      "currPage": 0,
      "no": 0,
      "bkmkId": 0,
      "ruseIsrtyId": "252",
      "ruseIsrtyNm": "김광호",
      "joinIsrtyId": "252",
      "joinIsrtyNm": "김광호",
      "telno": "010-8054-0005",
      "talkReltRuseIsrtyId": "203",
      "talkReltRuseIsrtyNm": "김성호",
      "talkReltJoinIsrtyId": "203",
      "talkReltJoinIsrtyNm": "김성호",
      "talkReltTelno": "010-4603-6920",
      "talkBgngDt": "2017-01-16 00:00:00.0",
      "talkEndDt": "2017-01-16 00:00:00.0",
      "talkTime": "95",
      "talkTyNm": "VOLTE 음성",
      "linkRelateLcNm": "서울시 마포구 서교동   392-1 송원빌딩"
    },
    {
      "requestPage": 0,
      "rowCntByPage": 0,
      "rowAllCnt": 0,
      "lastPage": 0,
      "blockAllCnt": 0,
      "currentBlock": 0,
      "startPage": 0,
      "endPage": 0,
      "startRow": 0,
      "endRow": 0,
      "totalCnt": 0,
      "perPage": 0,
      "currPage": 0,
      "no": 0,
      "bkmkId": 0,
      "ruseIsrtyId": "312",
      "ruseIsrtyNm": "박원해",
      "joinIsrtyId": "312",
      "joinIsrtyNm": "박원해",
      "telno": "010-3955-9141",
      "talkReltRuseIsrtyId": "312",
      "talkReltRuseIsrtyNm": "박원해",
      "talkReltJoinIsrtyId": "312",
      "talkReltJoinIsrtyNm": "박원해",
      "talkReltTelno": "010-3955-9141",
      "talkBgngDt": "2017-01-09 00:00:00.0",
      "talkEndDt": "2017-01-09 00:00:00.0",
      "talkTime": "0",
      "talkTyNm": "국내음성통화",
      "linkRelateLcNm": "PP"
    },
    {
      "requestPage": 0,
      "rowCntByPage": 0,
      "rowAllCnt": 0,
      "lastPage": 0,
      "blockAllCnt": 0,
      "currentBlock": 0,
      "startPage": 0,
      "endPage": 0,
      "startRow": 0,
      "endRow": 0,
      "totalCnt": 0,
      "perPage": 0,
      "currPage": 0,
      "no": 0,
      "bkmkId": 0,
      "ruseIsrtyId": "161",
      "ruseIsrtyNm": "이동진",
      "joinIsrtyId": "161",
      "joinIsrtyNm": "이동진",
      "telno": "010-7431-0053",
      "talkReltRuseIsrtyId": "252",
      "talkReltRuseIsrtyNm": "김광호",
      "talkReltJoinIsrtyId": "252",
      "talkReltJoinIsrtyNm": "김광호",
      "talkReltTelno": "010-7094-3584",
      "talkBgngDt": "2017-01-09 00:00:00.0",
      "talkEndDt": "2017-01-09 00:00:00.0",
      "talkTime": "22",
      "talkTyNm": "VOLTE 음성",
      "linkRelateLcNm": "경기도 고양시 일산서구 덕이동   535-0"
    },
    {
      "requestPage": 0,
      "rowCntByPage": 0,
      "rowAllCnt": 0,
      "lastPage": 0,
      "blockAllCnt": 0,
      "currentBlock": 0,
      "startPage": 0,
      "endPage": 0,
      "startRow": 0,
      "endRow": 0,
      "totalCnt": 0,
      "perPage": 0,
      "currPage": 0,
      "no": 0,
      "bkmkId": 0,
      "ruseIsrtyId": "161",
      "ruseIsrtyNm": "이동진",
      "joinIsrtyId": "161",
      "joinIsrtyNm": "이동진",
      "telno": "010-7431-0053",
      "talkReltRuseIsrtyId": "252",
      "talkReltRuseIsrtyNm": "김광호",
      "talkReltJoinIsrtyId": "252",
      "talkReltJoinIsrtyNm": "김광호",
      "talkReltTelno": "010-7094-3584",
      "talkBgngDt": "2017-01-09 00:00:00.0",
      "talkEndDt": "2017-01-09 00:00:00.0",
      "talkTime": "50",
      "talkTyNm": "VOLTE 음성",
      "linkRelateLcNm": "경기도 고양시 일산서구 가좌동   981 KT통신주"
    },
    {
      "requestPage": 0,
      "rowCntByPage": 0,
      "rowAllCnt": 0,
      "lastPage": 0,
      "blockAllCnt": 0,
      "currentBlock": 0,
      "startPage": 0,
      "endPage": 0,
      "startRow": 0,
      "endRow": 0,
      "totalCnt": 0,
      "perPage": 0,
      "currPage": 0,
      "no": 0,
      "bkmkId": 0,
      "ruseIsrtyId": "161",
      "ruseIsrtyNm": "이동진",
      "joinIsrtyId": "161",
      "joinIsrtyNm": "이동진",
      "telno": "010-7431-0053",
      "talkReltRuseIsrtyId": "252",
      "talkReltRuseIsrtyNm": "김광호",
      "talkReltJoinIsrtyId": "252",
      "talkReltJoinIsrtyNm": "김광호",
      "talkReltTelno": "010-7094-3584",
      "talkBgngDt": "2017-01-09 00:00:00.0",
      "talkEndDt": "2017-01-09 00:00:00.0",
      "talkTime": "37",
      "talkTyNm": "VOLTE 음성",
      "linkRelateLcNm": "경기도 고양시 일산동구 장항동   846 센트럴프라자"
    },
    {
      "requestPage": 0,
      "rowCntByPage": 0,
      "rowAllCnt": 0,
      "lastPage": 0,
      "blockAllCnt": 0,
      "currentBlock": 0,
      "startPage": 0,
      "endPage": 0,
      "startRow": 0,
      "endRow": 0,
      "totalCnt": 0,
      "perPage": 0,
      "currPage": 0,
      "no": 0,
      "bkmkId": 0,
      "ruseIsrtyId": "211",
      "ruseIsrtyNm": "최환국",
      "joinIsrtyId": "211",
      "joinIsrtyNm": "최환국",
      "telno": "010-4028-2020",
      "talkReltRuseIsrtyId": "252",
      "talkReltRuseIsrtyNm": "김광호",
      "talkReltJoinIsrtyId": "252",
      "talkReltJoinIsrtyNm": "김광호",
      "talkReltTelno": "010-7094-3584",
      "talkBgngDt": "2017-01-09 00:00:00.0",
      "talkEndDt": "2017-01-09 00:00:00.0",
      "talkTime": "12",
      "talkTyNm": "",
      "linkRelateLcNm": "서울특별시 동작구 상도동 473-10"
    },
    {
      "requestPage": 0,
      "rowCntByPage": 0,
      "rowAllCnt": 0,
      "lastPage": 0,
      "blockAllCnt": 0,
      "currentBlock": 0,
      "startPage": 0,
      "endPage": 0,
      "startRow": 0,
      "endRow": 0,
      "totalCnt": 0,
      "perPage": 0,
      "currPage": 0,
      "no": 0,
      "bkmkId": 0,
      "ruseIsrtyId": "252",
      "ruseIsrtyNm": "김광호",
      "joinIsrtyId": "252",
      "joinIsrtyNm": "김광호",
      "telno": "010-7094-3584",
      "talkReltRuseIsrtyId": "288",
      "talkReltRuseIsrtyNm": "우일동",
      "talkReltJoinIsrtyId": "288",
      "talkReltJoinIsrtyNm": "우일동",
      "talkReltTelno": "010-8378-1361",
      "talkBgngDt": "2017-01-09 00:00:00.0",
      "talkEndDt": "2017-01-09 00:00:00.0",
      "talkTime": "23",
      "talkTyNm": "VOLTE-망외음성(VOLTE간)",
      "linkRelateLcNm": "경기도 고양시 일산서구 일산동 974-3"
    },
    {
      "requestPage": 0,
      "rowCntByPage": 0,
      "rowAllCnt": 0,
      "lastPage": 0,
      "blockAllCnt": 0,
      "currentBlock": 0,
      "startPage": 0,
      "endPage": 0,
      "startRow": 0,
      "endRow": 0,
      "totalCnt": 0,
      "perPage": 0,
      "currPage": 0,
      "no": 0,
      "bkmkId": 0,
      "ruseIsrtyId": "211",
      "ruseIsrtyNm": "최환국",
      "joinIsrtyId": "211",
      "joinIsrtyNm": "최환국",
      "telno": "010-4028-2020",
      "talkReltRuseIsrtyId": "252",
      "talkReltRuseIsrtyNm": "김광호",
      "talkReltJoinIsrtyId": "252",
      "talkReltJoinIsrtyNm": "김광호",
      "talkReltTelno": "010-7094-3584",
      "talkBgngDt": "2017-01-09 00:00:00.0",
      "talkEndDt": "2017-01-09 00:00:00.0",
      "talkTime": "0",
      "talkTyNm": "",
      "linkRelateLcNm": ""
    },
    {
      "requestPage": 0,
      "rowCntByPage": 0,
      "rowAllCnt": 0,
      "lastPage": 0,
      "blockAllCnt": 0,
      "currentBlock": 0,
      "startPage": 0,
      "endPage": 0,
      "startRow": 0,
      "endRow": 0,
      "totalCnt": 0,
      "perPage": 0,
      "currPage": 0,
      "no": 0,
      "bkmkId": 0,
      "ruseIsrtyId": "211",
      "ruseIsrtyNm": "최환국",
      "joinIsrtyId": "211",
      "joinIsrtyNm": "최환국",
      "telno": "010-4028-2020",
      "talkReltRuseIsrtyId": "252",
      "talkReltRuseIsrtyNm": "김광호",
      "talkReltJoinIsrtyId": "252",
      "talkReltJoinIsrtyNm": "김광호",
      "talkReltTelno": "010-7094-3584",
      "talkBgngDt": "2017-01-09 00:00:00.0",
      "talkEndDt": "2017-01-09 00:00:00.0",
      "talkTime": "22",
      "talkTyNm": "",
      "linkRelateLcNm": "서울특별시 동작구 상도동 473-10"
    },
    {
      "requestPage": 0,
      "rowCntByPage": 0,
      "rowAllCnt": 0,
      "lastPage": 0,
      "blockAllCnt": 0,
      "currentBlock": 0,
      "startPage": 0,
      "endPage": 0,
      "startRow": 0,
      "endRow": 0,
      "totalCnt": 0,
      "perPage": 0,
      "currPage": 0,
      "no": 0,
      "bkmkId": 0,
      "ruseIsrtyId": "252",
      "ruseIsrtyNm": "김광호",
      "joinIsrtyId": "252",
      "joinIsrtyNm": "김광호",
      "telno": "010-7094-3584",
      "talkReltRuseIsrtyId": "288",
      "talkReltRuseIsrtyNm": "우일동",
      "talkReltJoinIsrtyId": "288",
      "talkReltJoinIsrtyNm": "우일동",
      "talkReltTelno": "010-8378-1361",
      "talkBgngDt": "2017-01-09 00:00:00.0",
      "talkEndDt": "2017-01-09 00:00:00.0",
      "talkTime": "19",
      "talkTyNm": "VOLTE-망외음성(VOLTE간)",
      "linkRelateLcNm": "경기도 고양시 일산동구 장항동 760-0"
    },
    {
      "requestPage": 0,
      "rowCntByPage": 0,
      "rowAllCnt": 0,
      "lastPage": 0,
      "blockAllCnt": 0,
      "currentBlock": 0,
      "startPage": 0,
      "endPage": 0,
      "startRow": 0,
      "endRow": 0,
      "totalCnt": 0,
      "perPage": 0,
      "currPage": 0,
      "no": 0,
      "bkmkId": 0,
      "ruseIsrtyId": "252",
      "ruseIsrtyNm": "김광호",
      "joinIsrtyId": "252",
      "joinIsrtyNm": "김광호",
      "telno": "010-7094-3584",
      "talkReltRuseIsrtyId": "211",
      "talkReltRuseIsrtyNm": "최환국",
      "talkReltJoinIsrtyId": "211",
      "talkReltJoinIsrtyNm": "최환국",
      "talkReltTelno": "010-4028-2020",
      "talkBgngDt": "2017-01-09 00:00:00.0",
      "talkEndDt": "2017-01-09 00:00:00.0",
      "talkTime": "29",
      "talkTyNm": "VOLTE-망내음성(VOLTE간)",
      "linkRelateLcNm": "경기도 고양시 일산동구 장항동 730-0"
    },
    {
      "requestPage": 0,
      "rowCntByPage": 0,
      "rowAllCnt": 0,
      "lastPage": 0,
      "blockAllCnt": 0,
      "currentBlock": 0,
      "startPage": 0,
      "endPage": 0,
      "startRow": 0,
      "endRow": 0,
      "totalCnt": 0,
      "perPage": 0,
      "currPage": 0,
      "no": 0,
      "bkmkId": 0,
      "ruseIsrtyId": "252",
      "ruseIsrtyNm": "김광호",
      "joinIsrtyId": "252",
      "joinIsrtyNm": "김광호",
      "telno": "010-7094-3584",
      "talkReltRuseIsrtyId": "211",
      "talkReltRuseIsrtyNm": "최환국",
      "talkReltJoinIsrtyId": "211",
      "talkReltJoinIsrtyNm": "최환국",
      "talkReltTelno": "010-4028-2020",
      "talkBgngDt": "2017-01-09 00:00:00.0",
      "talkEndDt": "2017-01-09 00:00:00.0",
      "talkTime": "81",
      "talkTyNm": "VOLTE-망내음성(VOLTE간)",
      "linkRelateLcNm": "경기도 고양시 일산동구 장항동 760-0"
    },
    {
      "requestPage": 0,
      "rowCntByPage": 0,
      "rowAllCnt": 0,
      "lastPage": 0,
      "blockAllCnt": 0,
      "currentBlock": 0,
      "startPage": 0,
      "endPage": 0,
      "startRow": 0,
      "endRow": 0,
      "totalCnt": 0,
      "perPage": 0,
      "currPage": 0,
      "no": 0,
      "bkmkId": 0,
      "ruseIsrtyId": "252",
      "ruseIsrtyNm": "김광호",
      "joinIsrtyId": "252",
      "joinIsrtyNm": "김광호",
      "telno": "010-8054-0005",
      "talkReltRuseIsrtyId": "203",
      "talkReltRuseIsrtyNm": "김성호",
      "talkReltJoinIsrtyId": "203",
      "talkReltJoinIsrtyNm": "김성호",
      "talkReltTelno": "010-4603-6920",
      "talkBgngDt": "2017-01-09 00:00:00.0",
      "talkEndDt": "2017-01-09 00:00:00.0",
      "talkTime": "11",
      "talkTyNm": "VOLTE 음성",
      "linkRelateLcNm": "서울시 마포구 서교동   392-1 송원빌딩"
    },
    {
      "requestPage": 0,
      "rowCntByPage": 0,
      "rowAllCnt": 0,
      "lastPage": 0,
      "blockAllCnt": 0,
      "currentBlock": 0,
      "startPage": 0,
      "endPage": 0,
      "startRow": 0,
      "endRow": 0,
      "totalCnt": 0,
      "perPage": 0,
      "currPage": 0,
      "no": 0,
      "bkmkId": 0,
      "ruseIsrtyId": "252",
      "ruseIsrtyNm": "김광호",
      "joinIsrtyId": "252",
      "joinIsrtyNm": "김광호",
      "telno": "010-8054-0005",
      "talkReltRuseIsrtyId": "203",
      "talkReltRuseIsrtyNm": "김성호",
      "talkReltJoinIsrtyId": "203",
      "talkReltJoinIsrtyNm": "김성호",
      "talkReltTelno": "010-5917-8778",
      "talkBgngDt": "2017-01-09 00:00:00.0",
      "talkEndDt": "2017-01-09 00:00:00.0",
      "talkTime": "39",
      "talkTyNm": "VOLTE 음성",
      "linkRelateLcNm": "서울시 마포구 서교동   392-1 송원빌딩"
    },
    {
      "requestPage": 0,
      "rowCntByPage": 0,
      "rowAllCnt": 0,
      "lastPage": 0,
      "blockAllCnt": 0,
      "currentBlock": 0,
      "startPage": 0,
      "endPage": 0,
      "startRow": 0,
      "endRow": 0,
      "totalCnt": 0,
      "perPage": 0,
      "currPage": 0,
      "no": 0,
      "bkmkId": 0,
      "ruseIsrtyId": "312",
      "ruseIsrtyNm": "박원해",
      "joinIsrtyId": "312",
      "joinIsrtyNm": "박원해",
      "telno": "010-3955-9141",
      "talkReltRuseIsrtyId": "312",
      "talkReltRuseIsrtyNm": "박원해",
      "talkReltJoinIsrtyId": "312",
      "talkReltJoinIsrtyNm": "박원해",
      "talkReltTelno": "010-3955-9141",
      "talkBgngDt": "2017-01-02 00:00:00.0",
      "talkEndDt": "2017-01-02 00:00:00.0",
      "talkTime": "0",
      "talkTyNm": "국내음성통화",
      "linkRelateLcNm": "PP"
    },
    {
      "requestPage": 0,
      "rowCntByPage": 0,
      "rowAllCnt": 0,
      "lastPage": 0,
      "blockAllCnt": 0,
      "currentBlock": 0,
      "startPage": 0,
      "endPage": 0,
      "startRow": 0,
      "endRow": 0,
      "totalCnt": 0,
      "perPage": 0,
      "currPage": 0,
      "no": 0,
      "bkmkId": 0,
      "ruseIsrtyId": "252",
      "ruseIsrtyNm": "김광호",
      "joinIsrtyId": "252",
      "joinIsrtyNm": "김광호",
      "telno": "010-7094-3584",
      "talkReltRuseIsrtyId": "161",
      "talkReltRuseIsrtyNm": "이동진",
      "talkReltJoinIsrtyId": "161",
      "talkReltJoinIsrtyNm": "이동진",
      "talkReltTelno": "010-7431-0053",
      "talkBgngDt": "2017-01-02 00:00:00.0",
      "talkEndDt": "2017-01-02 00:00:00.0",
      "talkTime": "21",
      "talkTyNm": "VOLTE-망외음성(VOLTE간)",
      "linkRelateLcNm": "경기도 고양시 일산동구 장항동 855-0"
    },
    {
      "requestPage": 0,
      "rowCntByPage": 0,
      "rowAllCnt": 0,
      "lastPage": 0,
      "blockAllCnt": 0,
      "currentBlock": 0,
      "startPage": 0,
      "endPage": 0,
      "startRow": 0,
      "endRow": 0,
      "totalCnt": 0,
      "perPage": 0,
      "currPage": 0,
      "no": 0,
      "bkmkId": 0,
      "ruseIsrtyId": "252",
      "ruseIsrtyNm": "김광호",
      "joinIsrtyId": "252",
      "joinIsrtyNm": "김광호",
      "telno": "010-8054-0005",
      "talkReltRuseIsrtyId": "203",
      "talkReltRuseIsrtyNm": "김성호",
      "talkReltJoinIsrtyId": "203",
      "talkReltJoinIsrtyNm": "김성호",
      "talkReltTelno": "010-4603-6920",
      "talkBgngDt": "2017-01-02 00:00:00.0",
      "talkEndDt": "2017-01-02 00:00:00.0",
      "talkTime": "22",
      "talkTyNm": "VOLTE 음성",
      "linkRelateLcNm": "서울시 마포구 서교동   392-1 송원빌딩"
    },
    {
      "requestPage": 0,
      "rowCntByPage": 0,
      "rowAllCnt": 0,
      "lastPage": 0,
      "blockAllCnt": 0,
      "currentBlock": 0,
      "startPage": 0,
      "endPage": 0,
      "startRow": 0,
      "endRow": 0,
      "totalCnt": 0,
      "perPage": 0,
      "currPage": 0,
      "no": 0,
      "bkmkId": 0,
      "ruseIsrtyId": "192",
      "ruseIsrtyNm": "김이평",
      "joinIsrtyId": "192",
      "joinIsrtyNm": "김이평",
      "telno": "010-2677-4544",
      "talkReltRuseIsrtyId": "252",
      "talkReltRuseIsrtyNm": "김광호",
      "talkReltJoinIsrtyId": "252",
      "talkReltJoinIsrtyNm": "김광호",
      "talkReltTelno": "010-8054-0005",
      "talkBgngDt": "2017-01-02 00:00:00.0",
      "talkEndDt": "2017-01-02 00:00:00.0",
      "talkTime": "21",
      "talkTyNm": "VOLTE 음성",
      "linkRelateLcNm": "서울시 강남구 역삼동   725-47 정호빌딩 옥탑(5층)"
    },
    {
      "requestPage": 0,
      "rowCntByPage": 0,
      "rowAllCnt": 0,
      "lastPage": 0,
      "blockAllCnt": 0,
      "currentBlock": 0,
      "startPage": 0,
      "endPage": 0,
      "startRow": 0,
      "endRow": 0,
      "totalCnt": 0,
      "perPage": 0,
      "currPage": 0,
      "no": 0,
      "bkmkId": 0,
      "ruseIsrtyId": "192",
      "ruseIsrtyNm": "김이평",
      "joinIsrtyId": "192",
      "joinIsrtyNm": "김이평",
      "telno": "010-2677-4544",
      "talkReltRuseIsrtyId": "252",
      "talkReltRuseIsrtyNm": "김광호",
      "talkReltJoinIsrtyId": "252",
      "talkReltJoinIsrtyNm": "김광호",
      "talkReltTelno": "010-8054-0005",
      "talkBgngDt": "2017-01-02 00:00:00.0",
      "talkEndDt": "2017-01-02 00:00:00.0",
      "talkTime": "16",
      "talkTyNm": "VOLTE 음성",
      "linkRelateLcNm": "서울시 강남구 역삼동   725-47 정호빌딩 옥탑(5층)"
    },
    {
      "requestPage": 0,
      "rowCntByPage": 0,
      "rowAllCnt": 0,
      "lastPage": 0,
      "blockAllCnt": 0,
      "currentBlock": 0,
      "startPage": 0,
      "endPage": 0,
      "startRow": 0,
      "endRow": 0,
      "totalCnt": 0,
      "perPage": 0,
      "currPage": 0,
      "no": 0,
      "bkmkId": 0,
      "ruseIsrtyId": "252",
      "ruseIsrtyNm": "김광호",
      "joinIsrtyId": "252",
      "joinIsrtyNm": "김광호",
      "telno": "010-8054-0005",
      "talkReltRuseIsrtyId": "203",
      "talkReltRuseIsrtyNm": "김성호",
      "talkReltJoinIsrtyId": "203",
      "talkReltJoinIsrtyNm": "김성호",
      "talkReltTelno": "010-4603-6920",
      "talkBgngDt": "2017-01-02 00:00:00.0",
      "talkEndDt": "2017-01-02 00:00:00.0",
      "talkTime": "47",
      "talkTyNm": "VOLTE 음성",
      "linkRelateLcNm": "서울시 마포구 서교동   352-26 인쇄문화회관 건물주: 011 9061 8600"
    },
    {
      "requestPage": 0,
      "rowCntByPage": 0,
      "rowAllCnt": 0,
      "lastPage": 0,
      "blockAllCnt": 0,
      "currentBlock": 0,
      "startPage": 0,
      "endPage": 0,
      "startRow": 0,
      "endRow": 0,
      "totalCnt": 0,
      "perPage": 0,
      "currPage": 0,
      "no": 0,
      "bkmkId": 0,
      "ruseIsrtyId": "161",
      "ruseIsrtyNm": "이동진",
      "joinIsrtyId": "161",
      "joinIsrtyNm": "이동진",
      "telno": "010-7431-0053",
      "talkReltRuseIsrtyId": "252",
      "talkReltRuseIsrtyNm": "김광호",
      "talkReltJoinIsrtyId": "252",
      "talkReltJoinIsrtyNm": "김광호",
      "talkReltTelno": "010-7094-3584",
      "talkBgngDt": "2017-01-02 00:00:00.0",
      "talkEndDt": "2017-01-02 00:00:00.0",
      "talkTime": "15",
      "talkTyNm": "VOLTE 음성",
      "linkRelateLcNm": "경기도 고양시 일산동구 풍동   1292 숲속마을 주공1단지 102동"
    },
    {
      "requestPage": 0,
      "rowCntByPage": 0,
      "rowAllCnt": 0,
      "lastPage": 0,
      "blockAllCnt": 0,
      "currentBlock": 0,
      "startPage": 0,
      "endPage": 0,
      "startRow": 0,
      "endRow": 0,
      "totalCnt": 0,
      "perPage": 0,
      "currPage": 0,
      "no": 0,
      "bkmkId": 0,
      "ruseIsrtyId": "211",
      "ruseIsrtyNm": "최환국",
      "joinIsrtyId": "211",
      "joinIsrtyNm": "최환국",
      "telno": "010-4028-2020",
      "talkReltRuseIsrtyId": "252",
      "talkReltRuseIsrtyNm": "김광호",
      "talkReltJoinIsrtyId": "252",
      "talkReltJoinIsrtyNm": "김광호",
      "talkReltTelno": "010-7094-3584",
      "talkBgngDt": "2017-01-02 00:00:00.0",
      "talkEndDt": "2017-01-02 00:00:00.0",
      "talkTime": "16",
      "talkTyNm": "",
      "linkRelateLcNm": "서울특별시 동작구 상도동 473-10"
    },
    {
      "requestPage": 0,
      "rowCntByPage": 0,
      "rowAllCnt": 0,
      "lastPage": 0,
      "blockAllCnt": 0,
      "currentBlock": 0,
      "startPage": 0,
      "endPage": 0,
      "startRow": 0,
      "endRow": 0,
      "totalCnt": 0,
      "perPage": 0,
      "currPage": 0,
      "no": 0,
      "bkmkId": 0,
      "ruseIsrtyId": "252",
      "ruseIsrtyNm": "김광호",
      "joinIsrtyId": "252",
      "joinIsrtyNm": "김광호",
      "telno": "010-7094-3584",
      "talkReltRuseIsrtyId": "161",
      "talkReltRuseIsrtyNm": "이동진",
      "talkReltJoinIsrtyId": "161",
      "talkReltJoinIsrtyNm": "이동진",
      "talkReltTelno": "010-7431-0053",
      "talkBgngDt": "2017-01-02 00:00:00.0",
      "talkEndDt": "2017-01-02 00:00:00.0",
      "talkTime": "20",
      "talkTyNm": "VOLTE-망외음성(VOLTE간)",
      "linkRelateLcNm": "경기도 고양시 일산동구 장항동 760-0"
    },
    {
      "requestPage": 0,
      "rowCntByPage": 0,
      "rowAllCnt": 0,
      "lastPage": 0,
      "blockAllCnt": 0,
      "currentBlock": 0,
      "startPage": 0,
      "endPage": 0,
      "startRow": 0,
      "endRow": 0,
      "totalCnt": 0,
      "perPage": 0,
      "currPage": 0,
      "no": 0,
      "bkmkId": 0,
      "ruseIsrtyId": "211",
      "ruseIsrtyNm": "최환국",
      "joinIsrtyId": "211",
      "joinIsrtyNm": "최환국",
      "telno": "010-4028-2020",
      "talkReltRuseIsrtyId": "252",
      "talkReltRuseIsrtyNm": "김광호",
      "talkReltJoinIsrtyId": "252",
      "talkReltJoinIsrtyNm": "김광호",
      "talkReltTelno": "010-7094-3584",
      "talkBgngDt": "2017-01-02 00:00:00.0",
      "talkEndDt": "2017-01-02 00:00:00.0",
      "talkTime": "12",
      "talkTyNm": "",
      "linkRelateLcNm": "서울특별시 동작구 상도동 473-10"
    },
    {
      "requestPage": 0,
      "rowCntByPage": 0,
      "rowAllCnt": 0,
      "lastPage": 0,
      "blockAllCnt": 0,
      "currentBlock": 0,
      "startPage": 0,
      "endPage": 0,
      "startRow": 0,
      "endRow": 0,
      "totalCnt": 0,
      "perPage": 0,
      "currPage": 0,
      "no": 0,
      "bkmkId": 0,
      "ruseIsrtyId": "211",
      "ruseIsrtyNm": "최환국",
      "joinIsrtyId": "211",
      "joinIsrtyNm": "최환국",
      "telno": "010-4028-2020",
      "talkReltRuseIsrtyId": "252",
      "talkReltRuseIsrtyNm": "김광호",
      "talkReltJoinIsrtyId": "252",
      "talkReltJoinIsrtyNm": "김광호",
      "talkReltTelno": "010-7094-3584",
      "talkBgngDt": "2017-01-02 00:00:00.0",
      "talkEndDt": "2017-01-02 00:00:00.0",
      "talkTime": "142",
      "talkTyNm": "",
      "linkRelateLcNm": "서울특별시 동작구 상도동 473-10"
    },
    {
      "requestPage": 0,
      "rowCntByPage": 0,
      "rowAllCnt": 0,
      "lastPage": 0,
      "blockAllCnt": 0,
      "currentBlock": 0,
      "startPage": 0,
      "endPage": 0,
      "startRow": 0,
      "endRow": 0,
      "totalCnt": 0,
      "perPage": 0,
      "currPage": 0,
      "no": 0,
      "bkmkId": 0,
      "ruseIsrtyId": "252",
      "ruseIsrtyNm": "김광호",
      "joinIsrtyId": "252",
      "joinIsrtyNm": "김광호",
      "telno": "010-7094-3584",
      "talkReltRuseIsrtyId": "211",
      "talkReltRuseIsrtyNm": "최환국",
      "talkReltJoinIsrtyId": "211",
      "talkReltJoinIsrtyNm": "최환국",
      "talkReltTelno": "010-4028-2020",
      "talkBgngDt": "2017-01-02 00:00:00.0",
      "talkEndDt": "2017-01-02 00:00:00.0",
      "talkTime": "1719",
      "talkTyNm": "VOLTE-망내음성(VOLTE간)",
      "linkRelateLcNm": "경기도 고양시 일산동구 장항동 760-0"
    },
    {
      "requestPage": 0,
      "rowCntByPage": 0,
      "rowAllCnt": 0,
      "lastPage": 0,
      "blockAllCnt": 0,
      "currentBlock": 0,
      "startPage": 0,
      "endPage": 0,
      "startRow": 0,
      "endRow": 0,
      "totalCnt": 0,
      "perPage": 0,
      "currPage": 0,
      "no": 0,
      "bkmkId": 0,
      "ruseIsrtyId": "312",
      "ruseIsrtyNm": "박원해",
      "joinIsrtyId": "312",
      "joinIsrtyNm": "박원해",
      "telno": "010-3955-9141",
      "talkReltRuseIsrtyId": "312",
      "talkReltRuseIsrtyNm": "박원해",
      "talkReltJoinIsrtyId": "312",
      "talkReltJoinIsrtyNm": "박원해",
      "talkReltTelno": "010-3955-9141",
      "talkBgngDt": "2016-12-26 00:00:00.0",
      "talkEndDt": "2016-12-26 00:00:00.0",
      "talkTime": "0",
      "talkTyNm": "국내음성통화",
      "linkRelateLcNm": "PP"
    },
    {
      "requestPage": 0,
      "rowCntByPage": 0,
      "rowAllCnt": 0,
      "lastPage": 0,
      "blockAllCnt": 0,
      "currentBlock": 0,
      "startPage": 0,
      "endPage": 0,
      "startRow": 0,
      "endRow": 0,
      "totalCnt": 0,
      "perPage": 0,
      "currPage": 0,
      "no": 0,
      "bkmkId": 0,
      "ruseIsrtyId": "230",
      "ruseIsrtyNm": "장종학",
      "joinIsrtyId": "230",
      "joinIsrtyNm": "장종학",
      "telno": "010-4973-5526",
      "talkReltRuseIsrtyId": "327",
      "talkReltRuseIsrtyNm": "강춘석",
      "talkReltJoinIsrtyId": "327",
      "talkReltJoinIsrtyNm": "강춘석",
      "talkReltTelno": "010-9342-5366",
      "talkBgngDt": "2016-12-26 00:00:00.0",
      "talkEndDt": "2016-12-26 00:00:00.0",
      "talkTime": "11",
      "talkTyNm": "국내음성통화",
      "linkRelateLcNm": "천안시 서북구성정동1018"
    },
    {
      "requestPage": 0,
      "rowCntByPage": 0,
      "rowAllCnt": 0,
      "lastPage": 0,
      "blockAllCnt": 0,
      "currentBlock": 0,
      "startPage": 0,
      "endPage": 0,
      "startRow": 0,
      "endRow": 0,
      "totalCnt": 0,
      "perPage": 0,
      "currPage": 0,
      "no": 0,
      "bkmkId": 0,
      "ruseIsrtyId": "159",
      "ruseIsrtyNm": "복동이",
      "joinIsrtyId": "159",
      "joinIsrtyNm": "복동이",
      "telno": "010-9166-6629",
      "talkReltRuseIsrtyId": "327",
      "talkReltRuseIsrtyNm": "강춘석",
      "talkReltJoinIsrtyId": "327",
      "talkReltJoinIsrtyNm": "강춘석",
      "talkReltTelno": "010-9342-5366",
      "talkBgngDt": "2016-12-26 00:00:00.0",
      "talkEndDt": "2016-12-26 00:00:00.0",
      "talkTime": "4",
      "talkTyNm": "데이타정보",
      "linkRelateLcNm": "NB11"
    },
    {
      "requestPage": 0,
      "rowCntByPage": 0,
      "rowAllCnt": 0,
      "lastPage": 0,
      "blockAllCnt": 0,
      "currentBlock": 0,
      "startPage": 0,
      "endPage": 0,
      "startRow": 0,
      "endRow": 0,
      "totalCnt": 0,
      "perPage": 0,
      "currPage": 0,
      "no": 0,
      "bkmkId": 0,
      "ruseIsrtyId": "327",
      "ruseIsrtyNm": "강춘석",
      "joinIsrtyId": "327",
      "joinIsrtyNm": "강춘석",
      "telno": "010-9342-5366",
      "talkReltRuseIsrtyId": "159",
      "talkReltRuseIsrtyNm": "복동이",
      "talkReltJoinIsrtyId": "159",
      "talkReltJoinIsrtyNm": "복동이",
      "talkReltTelno": "010-9166-6629",
      "talkBgngDt": "2016-12-26 00:00:00.0",
      "talkEndDt": "2016-12-26 00:00:00.0",
      "talkTime": "0",
      "talkTyNm": "폰메일통화",
      "linkRelateLcNm": "SS08"
    },
    {
      "requestPage": 0,
      "rowCntByPage": 0,
      "rowAllCnt": 0,
      "lastPage": 0,
      "blockAllCnt": 0,
      "currentBlock": 0,
      "startPage": 0,
      "endPage": 0,
      "startRow": 0,
      "endRow": 0,
      "totalCnt": 0,
      "perPage": 0,
      "currPage": 0,
      "no": 0,
      "bkmkId": 0,
      "ruseIsrtyId": "159",
      "ruseIsrtyNm": "복동이",
      "joinIsrtyId": "159",
      "joinIsrtyNm": "복동이",
      "telno": "010-9166-6629",
      "talkReltRuseIsrtyId": "327",
      "talkReltRuseIsrtyNm": "강춘석",
      "talkReltJoinIsrtyId": "327",
      "talkReltJoinIsrtyNm": "강춘석",
      "talkReltTelno": "010-9342-5366",
      "talkBgngDt": "2016-12-26 00:00:00.0",
      "talkEndDt": "2016-12-26 00:00:00.0",
      "talkTime": "2",
      "talkTyNm": "폰메일통화",
      "linkRelateLcNm": "SS35"
    },
    {
      "requestPage": 0,
      "rowCntByPage": 0,
      "rowAllCnt": 0,
      "lastPage": 0,
      "blockAllCnt": 0,
      "currentBlock": 0,
      "startPage": 0,
      "endPage": 0,
      "startRow": 0,
      "endRow": 0,
      "totalCnt": 0,
      "perPage": 0,
      "currPage": 0,
      "no": 0,
      "bkmkId": 0,
      "ruseIsrtyId": "84",
      "ruseIsrtyNm": "임명희",
      "joinIsrtyId": "84",
      "joinIsrtyNm": "임명희",
      "telno": "010-2655-1655",
      "talkReltRuseIsrtyId": "252",
      "talkReltRuseIsrtyNm": "김광호",
      "talkReltJoinIsrtyId": "252",
      "talkReltJoinIsrtyNm": "김광호",
      "talkReltTelno": "010-7094-3584",
      "talkBgngDt": "2016-12-26 00:00:00.0",
      "talkEndDt": "2016-12-26 00:00:00.0",
      "talkTime": "118",
      "talkTyNm": "VOLTE 음성",
      "linkRelateLcNm": "경기도 고양시 일산동구 장항동   735-1 풍성프라자"
    },
    {
      "requestPage": 0,
      "rowCntByPage": 0,
      "rowAllCnt": 0,
      "lastPage": 0,
      "blockAllCnt": 0,
      "currentBlock": 0,
      "startPage": 0,
      "endPage": 0,
      "startRow": 0,
      "endRow": 0,
      "totalCnt": 0,
      "perPage": 0,
      "currPage": 0,
      "no": 0,
      "bkmkId": 0,
      "ruseIsrtyId": "63",
      "ruseIsrtyNm": "양을례",
      "joinIsrtyId": "63",
      "joinIsrtyNm": "양을례",
      "telno": "010-9802-8774",
      "talkReltRuseIsrtyId": "327",
      "talkReltRuseIsrtyNm": "강춘석",
      "talkReltJoinIsrtyId": "327",
      "talkReltJoinIsrtyNm": "강춘석",
      "talkReltTelno": "010-9342-5366",
      "talkBgngDt": "2016-12-26 00:00:00.0",
      "talkEndDt": "2016-12-26 00:00:00.0",
      "talkTime": "625",
      "talkTyNm": "",
      "linkRelateLcNm": "경기도 김포시 대곶면 초원지리 438-2"
    },
    {
      "requestPage": 0,
      "rowCntByPage": 0,
      "rowAllCnt": 0,
      "lastPage": 0,
      "blockAllCnt": 0,
      "currentBlock": 0,
      "startPage": 0,
      "endPage": 0,
      "startRow": 0,
      "endRow": 0,
      "totalCnt": 0,
      "perPage": 0,
      "currPage": 0,
      "no": 0,
      "bkmkId": 0,
      "ruseIsrtyId": "252",
      "ruseIsrtyNm": "김광호",
      "joinIsrtyId": "252",
      "joinIsrtyNm": "김광호",
      "telno": "010-8054-0005",
      "talkReltRuseIsrtyId": "252",
      "talkReltRuseIsrtyNm": "김광호",
      "talkReltJoinIsrtyId": "252",
      "talkReltJoinIsrtyNm": "김광호",
      "talkReltTelno": "010-7094-3584",
      "talkBgngDt": "2016-12-26 00:00:00.0",
      "talkEndDt": "2016-12-26 00:00:00.0",
      "talkTime": "29",
      "talkTyNm": "VOLTE 음성",
      "linkRelateLcNm": "서울시 마포구 서교동   379-20 대성빌딩"
    },
    {
      "requestPage": 0,
      "rowCntByPage": 0,
      "rowAllCnt": 0,
      "lastPage": 0,
      "blockAllCnt": 0,
      "currentBlock": 0,
      "startPage": 0,
      "endPage": 0,
      "startRow": 0,
      "endRow": 0,
      "totalCnt": 0,
      "perPage": 0,
      "currPage": 0,
      "no": 0,
      "bkmkId": 0,
      "ruseIsrtyId": "203",
      "ruseIsrtyNm": "김성호",
      "joinIsrtyId": "203",
      "joinIsrtyNm": "김성호",
      "telno": "010-4603-6920",
      "talkReltRuseIsrtyId": "252",
      "talkReltRuseIsrtyNm": "김광호",
      "talkReltJoinIsrtyId": "252",
      "talkReltJoinIsrtyNm": "김광호",
      "talkReltTelno": "010-8054-0005",
      "talkBgngDt": "2016-12-26 00:00:00.0",
      "talkEndDt": "2016-12-26 00:00:00.0",
      "talkTime": "22",
      "talkTyNm": "VOLTE 음성",
      "linkRelateLcNm": "서울시 영등포구 신길동   4921-7 빌라5층옥탑"
    },
    {
      "requestPage": 0,
      "rowCntByPage": 0,
      "rowAllCnt": 0,
      "lastPage": 0,
      "blockAllCnt": 0,
      "currentBlock": 0,
      "startPage": 0,
      "endPage": 0,
      "startRow": 0,
      "endRow": 0,
      "totalCnt": 0,
      "perPage": 0,
      "currPage": 0,
      "no": 0,
      "bkmkId": 0,
      "ruseIsrtyId": "211",
      "ruseIsrtyNm": "최환국",
      "joinIsrtyId": "211",
      "joinIsrtyNm": "최환국",
      "telno": "010-4028-2020",
      "talkReltRuseIsrtyId": "252",
      "talkReltRuseIsrtyNm": "김광호",
      "talkReltJoinIsrtyId": "252",
      "talkReltJoinIsrtyNm": "김광호",
      "talkReltTelno": "010-7094-3584",
      "talkBgngDt": "2016-12-26 00:00:00.0",
      "talkEndDt": "2016-12-26 00:00:00.0",
      "talkTime": "144",
      "talkTyNm": "",
      "linkRelateLcNm": "서울특별시 동작구 상도동 468-2"
    },
    {
      "requestPage": 0,
      "rowCntByPage": 0,
      "rowAllCnt": 0,
      "lastPage": 0,
      "blockAllCnt": 0,
      "currentBlock": 0,
      "startPage": 0,
      "endPage": 0,
      "startRow": 0,
      "endRow": 0,
      "totalCnt": 0,
      "perPage": 0,
      "currPage": 0,
      "no": 0,
      "bkmkId": 0,
      "ruseIsrtyId": "312",
      "ruseIsrtyNm": "박원해",
      "joinIsrtyId": "312",
      "joinIsrtyNm": "박원해",
      "telno": "010-3955-9141",
      "talkReltRuseIsrtyId": "312",
      "talkReltRuseIsrtyNm": "박원해",
      "talkReltJoinIsrtyId": "312",
      "talkReltJoinIsrtyNm": "박원해",
      "talkReltTelno": "010-3955-9141",
      "talkBgngDt": "2016-12-19 00:00:00.0",
      "talkEndDt": "2016-12-19 00:00:00.0",
      "talkTime": "0",
      "talkTyNm": "국내음성통화",
      "linkRelateLcNm": "PP"
    },
    {
      "requestPage": 0,
      "rowCntByPage": 0,
      "rowAllCnt": 0,
      "lastPage": 0,
      "blockAllCnt": 0,
      "currentBlock": 0,
      "startPage": 0,
      "endPage": 0,
      "startRow": 0,
      "endRow": 0,
      "totalCnt": 0,
      "perPage": 0,
      "currPage": 0,
      "no": 0,
      "bkmkId": 0,
      "ruseIsrtyId": "327",
      "ruseIsrtyNm": "강춘석",
      "joinIsrtyId": "327",
      "joinIsrtyNm": "강춘석",
      "telno": "010-9342-5366",
      "talkReltRuseIsrtyId": "312",
      "talkReltRuseIsrtyNm": "박원해",
      "talkReltJoinIsrtyId": "312",
      "talkReltJoinIsrtyNm": "박원해",
      "talkReltTelno": "010-3955-9141",
      "talkBgngDt": "2016-12-19 00:00:00.0",
      "talkEndDt": "2016-12-19 00:00:00.0",
      "talkTime": "99",
      "talkTyNm": "국내음성통화",
      "linkRelateLcNm": "천안시 서북구성정동1018"
    },
    {
      "requestPage": 0,
      "rowCntByPage": 0,
      "rowAllCnt": 0,
      "lastPage": 0,
      "blockAllCnt": 0,
      "currentBlock": 0,
      "startPage": 0,
      "endPage": 0,
      "startRow": 0,
      "endRow": 0,
      "totalCnt": 0,
      "perPage": 0,
      "currPage": 0,
      "no": 0,
      "bkmkId": 0,
      "ruseIsrtyId": "327",
      "ruseIsrtyNm": "강춘석",
      "joinIsrtyId": "327",
      "joinIsrtyNm": "강춘석",
      "telno": "010-9342-5366",
      "talkReltRuseIsrtyId": "312",
      "talkReltRuseIsrtyNm": "박원해",
      "talkReltJoinIsrtyId": "312",
      "talkReltJoinIsrtyNm": "박원해",
      "talkReltTelno": "010-3955-9141",
      "talkBgngDt": "2016-12-19 00:00:00.0",
      "talkEndDt": "2016-12-19 00:00:00.0",
      "talkTime": "64",
      "talkTyNm": "국내음성통화",
      "linkRelateLcNm": "천안시 서북구성정동1018"
    },
    {
      "requestPage": 0,
      "rowCntByPage": 0,
      "rowAllCnt": 0,
      "lastPage": 0,
      "blockAllCnt": 0,
      "currentBlock": 0,
      "startPage": 0,
      "endPage": 0,
      "startRow": 0,
      "endRow": 0,
      "totalCnt": 0,
      "perPage": 0,
      "currPage": 0,
      "no": 0,
      "bkmkId": 0,
      "ruseIsrtyId": "327",
      "ruseIsrtyNm": "강춘석",
      "joinIsrtyId": "327",
      "joinIsrtyNm": "강춘석",
      "telno": "010-9342-5366",
      "talkReltRuseIsrtyId": "312",
      "talkReltRuseIsrtyNm": "박원해",
      "talkReltJoinIsrtyId": "312",
      "talkReltJoinIsrtyNm": "박원해",
      "talkReltTelno": "010-3955-9141",
      "talkBgngDt": "2016-12-19 00:00:00.0",
      "talkEndDt": "2016-12-19 00:00:00.0",
      "talkTime": "48",
      "talkTyNm": "국내음성통화",
      "linkRelateLcNm": "천안시 서북구성정동1018"
    },
    {
      "requestPage": 0,
      "rowCntByPage": 0,
      "rowAllCnt": 0,
      "lastPage": 0,
      "blockAllCnt": 0,
      "currentBlock": 0,
      "startPage": 0,
      "endPage": 0,
      "startRow": 0,
      "endRow": 0,
      "totalCnt": 0,
      "perPage": 0,
      "currPage": 0,
      "no": 0,
      "bkmkId": 0,
      "ruseIsrtyId": "312",
      "ruseIsrtyNm": "박원해",
      "joinIsrtyId": "312",
      "joinIsrtyNm": "박원해",
      "telno": "010-3955-9141",
      "talkReltRuseIsrtyId": "252",
      "talkReltRuseIsrtyNm": "김광호",
      "talkReltJoinIsrtyId": "252",
      "talkReltJoinIsrtyNm": "김광호",
      "talkReltTelno": "010-7094-3584",
      "talkBgngDt": "2016-12-19 00:00:00.0",
      "talkEndDt": "2016-12-19 00:00:00.0",
      "talkTime": "97",
      "talkTyNm": "국내음성통화",
      "linkRelateLcNm": "고양시 일산동구장항동726번지 SKB건물"
    },
    {
      "requestPage": 0,
      "rowCntByPage": 0,
      "rowAllCnt": 0,
      "lastPage": 0,
      "blockAllCnt": 0,
      "currentBlock": 0,
      "startPage": 0,
      "endPage": 0,
      "startRow": 0,
      "endRow": 0,
      "totalCnt": 0,
      "perPage": 0,
      "currPage": 0,
      "no": 0,
      "bkmkId": 0,
      "ruseIsrtyId": "312",
      "ruseIsrtyNm": "박원해",
      "joinIsrtyId": "312",
      "joinIsrtyNm": "박원해",
      "telno": "010-3955-9141",
      "talkReltRuseIsrtyId": "195",
      "talkReltRuseIsrtyNm": "조현감",
      "talkReltJoinIsrtyId": "195",
      "talkReltJoinIsrtyNm": "조현감",
      "talkReltTelno": "010-2422-5585",
      "talkBgngDt": "2016-12-19 00:00:00.0",
      "talkEndDt": "2016-12-19 00:00:00.0",
      "talkTime": "60",
      "talkTyNm": "폰메일통화",
      "linkRelateLcNm": "PM"
    },
    {
      "requestPage": 0,
      "rowCntByPage": 0,
      "rowAllCnt": 0,
      "lastPage": 0,
      "blockAllCnt": 0,
      "currentBlock": 0,
      "startPage": 0,
      "endPage": 0,
      "startRow": 0,
      "endRow": 0,
      "totalCnt": 0,
      "perPage": 0,
      "currPage": 0,
      "no": 0,
      "bkmkId": 0,
      "ruseIsrtyId": "195",
      "ruseIsrtyNm": "조현감",
      "joinIsrtyId": "195",
      "joinIsrtyNm": "조현감",
      "telno": "010-2422-5585",
      "talkReltRuseIsrtyId": "312",
      "talkReltRuseIsrtyNm": "박원해",
      "talkReltJoinIsrtyId": "312",
      "talkReltJoinIsrtyNm": "박원해",
      "talkReltTelno": "010-3955-9141",
      "talkBgngDt": "2016-12-19 00:00:00.0",
      "talkEndDt": "2016-12-19 00:00:00.0",
      "talkTime": "0",
      "talkTyNm": "",
      "linkRelateLcNm": ""
    },
    {
      "requestPage": 0,
      "rowCntByPage": 0,
      "rowAllCnt": 0,
      "lastPage": 0,
      "blockAllCnt": 0,
      "currentBlock": 0,
      "startPage": 0,
      "endPage": 0,
      "startRow": 0,
      "endRow": 0,
      "totalCnt": 0,
      "perPage": 0,
      "currPage": 0,
      "no": 0,
      "bkmkId": 0,
      "ruseIsrtyId": "312",
      "ruseIsrtyNm": "박원해",
      "joinIsrtyId": "312",
      "joinIsrtyNm": "박원해",
      "telno": "010-3955-9141",
      "talkReltRuseIsrtyId": "195",
      "talkReltRuseIsrtyNm": "조현감",
      "talkReltJoinIsrtyId": "195",
      "talkReltJoinIsrtyNm": "조현감",
      "talkReltTelno": "010-2422-5585",
      "talkBgngDt": "2016-12-19 00:00:00.0",
      "talkEndDt": "2016-12-19 00:00:00.0",
      "talkTime": "60",
      "talkTyNm": "폰메일통화",
      "linkRelateLcNm": "PM"
    },
    {
      "requestPage": 0,
      "rowCntByPage": 0,
      "rowAllCnt": 0,
      "lastPage": 0,
      "blockAllCnt": 0,
      "currentBlock": 0,
      "startPage": 0,
      "endPage": 0,
      "startRow": 0,
      "endRow": 0,
      "totalCnt": 0,
      "perPage": 0,
      "currPage": 0,
      "no": 0,
      "bkmkId": 0,
      "ruseIsrtyId": "211",
      "ruseIsrtyNm": "최환국",
      "joinIsrtyId": "211",
      "joinIsrtyNm": "최환국",
      "telno": "010-4028-2020",
      "talkReltRuseIsrtyId": "252",
      "talkReltRuseIsrtyNm": "김광호",
      "talkReltJoinIsrtyId": "252",
      "talkReltJoinIsrtyNm": "김광호",
      "talkReltTelno": "010-7094-3584",
      "talkBgngDt": "2016-12-19 00:00:00.0",
      "talkEndDt": "2016-12-19 00:00:00.0",
      "talkTime": "576",
      "talkTyNm": "",
      "linkRelateLcNm": "서울특별시 동작구 상도동 473-10"
    },
    {
      "requestPage": 0,
      "rowCntByPage": 0,
      "rowAllCnt": 0,
      "lastPage": 0,
      "blockAllCnt": 0,
      "currentBlock": 0,
      "startPage": 0,
      "endPage": 0,
      "startRow": 0,
      "endRow": 0,
      "totalCnt": 0,
      "perPage": 0,
      "currPage": 0,
      "no": 0,
      "bkmkId": 0,
      "ruseIsrtyId": "327",
      "ruseIsrtyNm": "강춘석",
      "joinIsrtyId": "327",
      "joinIsrtyNm": "강춘석",
      "telno": "010-9342-5366",
      "talkReltRuseIsrtyId": "230",
      "talkReltRuseIsrtyNm": "장종학",
      "talkReltJoinIsrtyId": "230",
      "talkReltJoinIsrtyNm": "장종학",
      "talkReltTelno": "010-4973-5526",
      "talkBgngDt": "2016-12-19 00:00:00.0",
      "talkEndDt": "2016-12-19 00:00:00.0",
      "talkTime": "32",
      "talkTyNm": "국내음성통화",
      "linkRelateLcNm": "천안시 서북구성정동1018"
    }
  ]
}