{
  "code": "200",
  "msg": "정상처리 되었습니다.",
  "result": {
    "nodes": [
      {
        "data": {
          "id": "010-9342-5366",
          "name": "강춘석",
          "score": 0.00174899866488652
        },
        "group": "nodes"
      },
      {
        "data": {
          "id": "010-7094-3584",
          "name": "김광호",
          "score": 0.00397196261682243
        },
        "group": "nodes"
      },
      {
        "data": {
          "id": "010-8054-0005",
          "name": "김광호",
          "score": 8.01068090787717e-5
        },
        "group": "nodes"
      },
      {
        "data": {
          "id": "010-9889-0076",
          "name": "김길상",
          "score": 2.00267022696929e-5
        },
        "group": "nodes"
      },
      {
        "data": {
          "id": "010-9844-9082",
          "name": "김승구",
          "score": 2.67022696929239e-5
        },
        "group": "nodes"
      },
      {
        "data": {
          "id": "010-2677-4544",
          "name": "김이평",
          "score": 1.33511348464619e-5
        },
        "group": "nodes"
      },
      {
        "data": {
          "id": "010-4253-5132",
          "name": "김제술",
          "score": 7.34312416555407e-5
        },
        "group": "nodes"
      },
      {
        "data": {
          "id": "010-2405-9141",
          "name": "박원해",
          "score": 0.00124833110814419
        },
        "group": "nodes"
      },
      {
        "data": {
          "id": "010-4004-4848",
          "name": "박재수",
          "score": 2.67022696929239e-5
        },
        "group": "nodes"
      },
      {
        "data": {
          "id": "010-6209-1810",
          "name": "안길룡",
          "score": 2.00267022696929e-5
        },
        "group": "nodes"
      },
      {
        "data": {
          "id": "010-6400-0363",
          "name": "양소림",
          "score": 0.00125500667556742
        },
        "group": "nodes"
      },
      {
        "data": {
          "id": "010-3053-4428",
          "name": "이순애",
          "score": 8.67823765020027e-5
        },
        "group": "nodes"
      },
      {
        "data": {
          "id": "010-2290-9781",
          "name": "이시우",
          "score": 6.00801068090788e-5
        },
        "group": "nodes"
      },
      {
        "data": {
          "id": "010-4973-5526",
          "name": "장종학",
          "score": 3.33778371161549e-5
        },
        "group": "nodes"
      },
      {
        "data": {
          "id": "010-3454-3691",
          "name": "정순연",
          "score": 5.34045393858478e-5
        },
        "group": "nodes"
      },
      {
        "data": {
          "id": "010-6111-2788",
          "name": "조준구",
          "score": 0.000380507343124166
        },
        "group": "nodes"
      },
      {
        "data": {
          "id": "010-2422-5585",
          "name": "조현감",
          "score": 2.67022696929239e-5
        },
        "group": "nodes"
      },
      {
        "data": {
          "id": "010-4028-2020",
          "name": "최환국",
          "score": 0.000694259012016021
        },
        "group": "nodes"
      },
      {
        "data": {
          "id": "010-3307-7700",
          "name": "홍성숙",
          "score": 8.67823765020027e-5
        },
        "group": "nodes"
      },
      {
        "data": {
          "id": "010-3571-8861",
          "name": "황옥희",
          "score": 9.34579439252336e-5
        },
        "group": "nodes"
      }
    ],
    "egdes": [
      {
        "data": {
          "source": "010-9342-5366",
          "target": "010-2405-9141",
          "weight": 0.226969292389853,
          "group": "ndfass"
        },
        "group": "edges"
      },
      {
        "data": {
          "source": "010-9342-5366",
          "target": "010-7094-3584",
          "weight": 0.814419225634179,
          "group": "ndfass"
        },
        "group": "edges"
      },
      {
        "data": {
          "source": "010-6209-1810",
          "target": "010-7094-3584",
          "weight": 0.0200267022696929,
          "group": "ndfass"
        },
        "group": "edges"
      },
      {
        "data": {
          "source": "010-2290-9781",
          "target": "010-7094-3584",
          "weight": 0.0534045393858478,
          "group": "ndfass"
        },
        "group": "edges"
      },
      {
        "data": {
          "source": "010-4973-5526",
          "target": "010-7094-3584",
          "weight": 0.00667556742323097,
          "group": "ndfass"
        },
        "group": "edges"
      },
      {
        "data": {
          "source": "010-2677-4544",
          "target": "010-7094-3584",
          "weight": 0.00667556742323097,
          "group": "ndfass"
        },
        "group": "edges"
      },
      {
        "data": {
          "source": "010-6400-0363",
          "target": "010-7094-3584",
          "weight": 0.20694259012016,
          "group": "ndfass"
        },
        "group": "edges"
      },
      {
        "data": {
          "source": "010-2405-9141",
          "target": "010-6400-0363",
          "weight": 0.300400534045394,
          "group": "ndfass"
        },
        "group": "edges"
      },
      {
        "data": {
          "source": "010-7094-3584",
          "target": "010-9342-5366",
          "weight": 0.460614152202937,
          "group": "ndfass"
        },
        "group": "edges"
      },
      {
        "data": {
          "source": "010-7094-3584",
          "target": "010-6400-0363",
          "weight": 0.447263017356475,
          "group": "ndfass"
        },
        "group": "edges"
      },
      {
        "data": {
          "source": "010-7094-3584",
          "target": "010-2405-9141",
          "weight": 0.327102803738318,
          "group": "ndfass"
        },
        "group": "edges"
      },
      {
        "data": {
          "source": "010-4253-5132",
          "target": "010-3307-7700",
          "weight": 0.0133511348464619,
          "group": "ndfass"
        },
        "group": "edges"
      },
      {
        "data": {
          "source": "010-2405-9141",
          "target": "010-7094-3584",
          "weight": 0.126835781041389,
          "group": "ndfass"
        },
        "group": "edges"
      },
      {
        "data": {
          "source": "010-6400-0363",
          "target": "010-2405-9141",
          "weight": 0.160213618157543,
          "group": "ndfass"
        },
        "group": "edges"
      },
      {
        "data": {
          "source": "010-2405-9141",
          "target": "010-9342-5366",
          "weight": 0.0600801068090788,
          "group": "ndfass"
        },
        "group": "edges"
      },
      {
        "data": {
          "source": "010-3307-7700",
          "target": "010-7094-3584",
          "weight": 0.0333778371161549,
          "group": "ndfass"
        },
        "group": "edges"
      },
      {
        "data": {
          "source": "010-7094-3584",
          "target": "010-3307-7700",
          "weight": 0.0200267022696929,
          "group": "ndfass"
        },
        "group": "edges"
      },
      {
        "data": {
          "source": "010-7094-3584",
          "target": "010-3571-8861",
          "weight": 0.0400534045393858,
          "group": "ndfass"
        },
        "group": "edges"
      },
      {
        "data": {
          "source": "010-3571-8861",
          "target": "010-7094-3584",
          "weight": 0.0200267022696929,
          "group": "ndfass"
        },
        "group": "edges"
      },
      {
        "data": {
          "source": "010-4253-5132",
          "target": "010-3053-4428",
          "weight": 0.0200267022696929,
          "group": "ndfass"
        },
        "group": "edges"
      },
      {
        "data": {
          "source": "010-7094-3584",
          "target": "010-8054-0005",
          "weight": 0.0333778371161549,
          "group": "ndfass"
        },
        "group": "edges"
      },
      {
        "data": {
          "source": "010-7094-3584",
          "target": "010-6111-2788",
          "weight": 0.173564753004005,
          "group": "ndfass"
        },
        "group": "edges"
      },
      {
        "data": {
          "source": "010-6111-2788",
          "target": "010-7094-3584",
          "weight": 0.20694259012016,
          "group": "ndfass"
        },
        "group": "edges"
      },
      {
        "data": {
          "source": "010-7094-3584",
          "target": "010-3053-4428",
          "weight": 0.0333778371161549,
          "group": "ndfass"
        },
        "group": "edges"
      },
      {
        "data": {
          "source": "010-3053-4428",
          "target": "010-7094-3584",
          "weight": 0.0333778371161549,
          "group": "ndfass"
        },
        "group": "edges"
      },
      {
        "data": {
          "source": "010-8054-0005",
          "target": "010-7094-3584",
          "weight": 0.0400534045393858,
          "group": "ndfass"
        },
        "group": "edges"
      },
      {
        "data": {
          "source": "010-9342-5366",
          "target": "010-6400-0363",
          "weight": 0.113484646194927,
          "group": "ndfass"
        },
        "group": "edges"
      },
      {
        "data": {
          "source": "010-4028-2020",
          "target": "010-7094-3584",
          "weight": 0.48064085447263,
          "group": "ndfass"
        },
        "group": "edges"
      },
      {
        "data": {
          "source": "010-7094-3584",
          "target": "010-4028-2020",
          "weight": 0.213618157543391,
          "group": "ndfass"
        },
        "group": "edges"
      },
      {
        "data": {
          "source": "010-3307-7700",
          "target": "010-4253-5132",
          "weight": 0.00667556742323097,
          "group": "ndfass"
        },
        "group": "edges"
      },
      {
        "data": {
          "source": "010-2677-4544",
          "target": "010-8054-0005",
          "weight": 0.00667556742323097,
          "group": "ndfass"
        },
        "group": "edges"
      },
      {
        "data": {
          "source": "010-7094-3584",
          "target": "010-3454-3691",
          "weight": 0.0400534045393858,
          "group": "ndfass"
        },
        "group": "edges"
      },
      {
        "data": {
          "source": "010-3454-3691",
          "target": "010-7094-3584",
          "weight": 0.0133511348464619,
          "group": "ndfass"
        },
        "group": "edges"
      },
      {
        "data": {
          "source": "010-4253-5132",
          "target": "010-7094-3584",
          "weight": 0.0200267022696929,
          "group": "ndfass"
        },
        "group": "edges"
      },
      {
        "data": {
          "source": "010-7094-3584",
          "target": "010-4253-5132",
          "weight": 0.0133511348464619,
          "group": "ndfass"
        },
        "group": "edges"
      },
      {
        "data": {
          "source": "010-6400-0363",
          "target": "010-9342-5366",
          "weight": 0.0267022696929239,
          "group": "ndfass"
        },
        "group": "edges"
      },
      {
        "data": {
          "source": "010-2422-5585",
          "target": "010-7094-3584",
          "weight": 0.0133511348464619,
          "group": "ndfass"
        },
        "group": "edges"
      },
      {
        "data": {
          "source": "010-7094-3584",
          "target": "010-2422-5585",
          "weight": 0.0133511348464619,
          "group": "ndfass"
        },
        "group": "edges"
      },
      {
        "data": {
          "source": "010-3571-8861",
          "target": "010-9342-5366",
          "weight": 0.0267022696929239,
          "group": "ndfass"
        },
        "group": "edges"
      },
      {
        "data": {
          "source": "010-4004-4848",
          "target": "010-2405-9141",
          "weight": 0.0200267022696929,
          "group": "ndfass"
        },
        "group": "edges"
      },
      {
        "data": {
          "source": "010-4973-5526",
          "target": "010-2405-9141",
          "weight": 0.0133511348464619,
          "group": "ndfass"
        },
        "group": "edges"
      },
      {
        "data": {
          "source": "010-2405-9141",
          "target": "010-4973-5526",
          "weight": 0.00667556742323097,
          "group": "ndfass"
        },
        "group": "edges"
      },
      {
        "data": {
          "source": "010-2405-9141",
          "target": "010-4004-4848",
          "weight": 0.00667556742323097,
          "group": "ndfass"
        },
        "group": "edges"
      },
      {
        "data": {
          "source": "010-7094-3584",
          "target": "010-9889-0076",
          "weight": 0.00667556742323097,
          "group": "ndfass"
        },
        "group": "edges"
      },
      {
        "data": {
          "source": "010-7094-3584",
          "target": "010-2290-9781",
          "weight": 0.00667556742323097,
          "group": "ndfass"
        },
        "group": "edges"
      },
      {
        "data": {
          "source": "010-9889-0076",
          "target": "010-7094-3584",
          "weight": 0.0133511348464619,
          "group": "ndfass"
        },
        "group": "edges"
      },
      {
        "data": {
          "source": "010-3307-7700",
          "target": "010-9342-5366",
          "weight": 0.0133511348464619,
          "group": "ndfass"
        },
        "group": "edges"
      },
      {
        "data": {
          "source": "010-9844-9082",
          "target": "010-7094-3584",
          "weight": 0.0133511348464619,
          "group": "ndfass"
        },
        "group": "edges"
      },
      {
        "data": {
          "source": "010-7094-3584",
          "target": "010-9844-9082",
          "weight": 0.0133511348464619,
          "group": "ndfass"
        },
        "group": "edges"
      },
      {
        "data": {
          "source": "010-7094-3584",
          "target": "010-4973-5526",
          "weight": 0.00667556742323097,
          "group": "ndfass"
        },
        "group": "edges"
      },
      {
        "data": {
          "source": "010-9342-5366",
          "target": "010-3571-8861",
          "weight": 0.00667556742323097,
          "group": "ndfass"
        },
        "group": "edges"
      }
    ]
  }
}
