{
  "code": "200",
  "msg": "정상처리 되었습니다.",
  "result": {
    "firstRegUserId": "updown",
    "firstRegUserNm": "업다운",
    "firstRegDt": "2020-12-04T04:44:25.430+00:00",
    "lastChgUserId": "updown",
    "lastChgUserNm": "업다운",
    "lastChgDt": "2020-12-04T04:44:25.430+00:00",
    "delYn": null,
    "dataOcrnMbyTyCode": "USER",
    "incdntId": "IC1",
    "isrtyId": "SCFTe7995e7d2e9d439aa55ed2405bd6171367",
    "vldBgngDt": "2020-12-04T04:44:25.430+00:00",
    "vldEndDt": "9999-12-30T15:00:00.000+00:00",
    "isrtyInfoChgHistId": 0,
    "dataChgTyCode": null,
    "isrtyNm": "이상하",
    "rprsIsrtyNcm": "멋쟁이",
    "isrtyNmResVos": [
      {
        "incdntId": null,
        "isrtyNmId": 155,
        "isrtyNm": "멋쟁이",
        "isrtyNmTyCode": "NCM",
        "isrtyNmTyNm": "별명"
      }
    ],
    "isrtyPrsnTyCode": "SUSPCT",
    "rprsTelno": "010-6569-3030",
    "rprsAcnutno": null,
    "rprsIsrgrpId": null,
    "rprsIsrgrpNm": null,
    "isrgrpIsrtyResVos": [],
    "upperIsrtyPsitnOrgnztId": 1,
    "upperIsrtyPsitnOrgnztNm": "1",
    "isrtyPsitnOrgnztId": 1,
    "isrtyPsitnOrgnztNm": "1",
    "isrtyPhotoId": 1,
    "isrtyMemoCn": "test",
    "isrtyTyCode": "INDV",
    "telnos": [
      {
        "acntId": "10",
        "acntTyCode": null,
        "acntIdntfcValue": "010-6569-3030",
        "evdncExtflId": null,
        "evdncExtflNm": null
      }
    ],
    "acnutnos": [],
    "emails": [],
    "mobileApps": []
  }
}
