[
  {
    "selector": "node",
    "style": {
      "width": "mapData(score, 0, 1, 20, 60)",
      "height": "mapData(score, 0, 1, 20, 60)",
      "content": "data(name)",
      "font-size": "12px",
      "text-valign": "center",
      "text-halign": "center",
      "background-color": "#555",
      "text-outline-color": "#555",
      "text-outline-width": "2px",
      "color": "#fff",
      "overlay-padding": "6px",
      "z-index": "10"
    }
  },
  {
    "selector": "node[?attr]",
    "style": {
      "shape": "rectangle",
      "background-color": "#aaa",
      "text-outline-color": "#aaa",
      "width": "16px",
      "height": "16px",
      "font-size": "6px",
      "z-index": "1"
    }
  },
  {
    "selector": "node[?query]",
    "style": {
      "background-clip": "none",
      "background-fit": "contain"
    }
  },
  {
    "selector": "node:selected",
    "style": {
      "border-width": "6px",
      "border-color": "#AAD8FF",
      "border-opacity": "0.5",
      "background-color": "#77828C",
      "text-outline-color": "#77828C"
    }
  },
  {
    "selector": "node:parent",
    "style": {
      "label": "data(id)",
      "text-valign": "top",
      "text-halign": "center",
      "background-color": "#77828C",
      "background-opacity": "0.5",
      "border-opacity": "0.5"
    }
  },
  {
    "selector": ".cdnd-drop-sibling",
    "style": {
      "background-color": "black"
    }
  },
  {
    "selector": ".cdnd-drop-target",
    "style": {
      "border-color": "blue",
      "border-style": "solid"
    }
  },
  {
    "selector": "edge",
    "style": {
      "curve-style": "bezier",
      "target-arrow-shape": "triangle",
      "haystack-radius": "0.5",
      "opacity": "0.7",
      "line-color": "#bbb",
      "width": "mapData(weight, 0, 1, 1, 80)",
      "overlay-padding": "3px",
      "edge-text-rotation": "autorotate"
    }
  },
  {
    "selector": "edge[cnt]",
    "style": {
      "label": "data(cnt)",
      "width": 2
    }
  },
  {
    "selector": "node.unhighlighted",
    "style": {
      "opacity": "0.2"
    }
  },
  {
    "selector": "edge.unhighlighted",
    "style": {
      "opacity": "0.05"
    }
  },
  {
    "selector": ".highlighted",
    "style": {
      "z-index": "999999"
    }
  },
  {
    "selector": "node.highlighted",
    "style": {
      "border-width": "6px",
      "border-color": "#AAD8FF",
      "border-opacity": "0.5",
      "background-color": "#394855",
      "text-outline-color": "#394855"
    }
  },
  {
    "selector": "edge.filtered",
    "style": {
      "opacity": "0"
    }
  },
  {
    "selector": "edge[group=\"coexp\"]",
    "style": {
      "line-color": "#d0b7d5"
    }
  },
  {
    "selector": "edge[group=\"coloc\"]",
    "style": {
      "line-color": "#a0b3dc"
    }
  },
  {
    "selector": "edge[group=\"gi\"]",
    "style": {
      "line-color": "#90e190"
    }
  },
  {
    "selector": "edge[group=\"path\"]",
    "style": {
      "line-color": "#9bd8de"
    }
  },
  {
    "selector": "edge[group=\"pi\"]",
    "style": {
      "line-color": "#eaa2a2"
    }
  },
  {
    "selector": "edge[group=\"predict\"]",
    "style": {
      "line-color": "#f6c384"
    }
  },
  {
    "selector": "edge[group=\"spd\"]",
    "style": {
      "line-color": "#dad4a2"
    }
  },
  {
    "selector": "edge[group=\"spd_attr\"]",
    "style": {
      "line-color": "#D0D0D0"
    }
  },
  {
    "selector": "edge[group=\"reg\"]",
    "style": {
      "line-color": "#D0D0D0"
    }
  },
  {
    "selector": "edge[group=\"reg_attr\"]",
    "style": {
      "line-color": "#D0D0D0"
    }
  },
  {
    "selector": "edge[group=\"user\"]",
    "style": {
      "line-color": "#f0ec86"
    }
  }
]
