[
  {
    "incdntId": "1160100000000000258",
    "firstRegUserId": "10001",
    "firstRegDt": "2020-12-08",
    "lastChgUserId": "10001",
    "lastChgDt": "2020-12-08",
    "delYn": "N",
    "incdntNo": "02302303",
    "incdntNm": "증거등록테스트용-201",
    "chgeCode": "06",
    "suspctNm": "곽한구",
    "aditSuspctCo": 0,
    "incdntSeCode": "0001",
    "cmndPrsecInfo": "김검사",
    "incdntOutlineCn": "차량 절도",
    "incdntCrtDt": "2020-12-08",
    "incdntBgngYmd": "20201208",
    "incdntEndYmd": null,
    "evdncObtainRltpsnId": null,
    "srchStrtDt": null,
    "srchEndDt": null,
    "srchIncdntNo": null,
    "srchIncdntNm": null,
    "srchIncdntProgrsStepCode": null,
    "myAllIncdntCnt": 0,
    "myMngIncdntCnt": 0,
    "myChrgIncdntCnt": 0,
    "userId": null,
    "insttCode": null,
    "chgeCodeNm": "교통 관련 범죄",
    "jobStepId": 0,
    "pageId": 0,
    "size": 0,
    "invstJobId": 0,
    "invstJobChrgId": 0,
    "relateIncdntId": null,
    "vldBgngDt": "2020-12-08",
    "vldEndDt": "2021-12-08",
    "incdntRelateSeCode": null,
    "szureCnt": 1,
    "evdncCnt": 2,
    "szureTalkCnt": 0,
    "szureAccntCnt": 0,
    "szureFileCnt": 1,
    "evdncTalkCnt": 0,
    "evdncAccntCnt": 0,
    "evdncFileCnt": 1,
    "evdncExtflCnt": 0,
    "jobBgngDt": null,
    "jobEndDt": null,
    "totCnt": 6,
    "depCnt": 12,
    "depCrtCnt": 5,
    "depReportCnt": 4,
    "depTrnsrCnt": 1,
    "rcvCnt": 1,
    "rsltCnt": 1,
    "incdntProgrsStepCode": "11",
    "incdntProgrsStepCodeNm": "수사중",
    "mngrUserId": "10001",
    "mngrUserNm": "사용자1"
  },
  {
    "incdntId": "1160100000000000254",
    "firstRegUserId": "10001",
    "firstRegDt": "2020-12-08",
    "lastChgUserId": "10001",
    "lastChgDt": "2020-12-08",
    "delYn": "N",
    "incdntNo": "02351616",
    "incdntNm": "증거등록테스트-080",
    "chgeCode": "06",
    "suspctNm": "곽한구",
    "aditSuspctCo": 0,
    "incdntSeCode": "0001",
    "cmndPrsecInfo": "김검사",
    "incdntOutlineCn": "차량 절도",
    "incdntCrtDt": "2020-12-08",
    "incdntBgngYmd": "20201207",
    "incdntEndYmd": null,
    "evdncObtainRltpsnId": null,
    "srchStrtDt": null,
    "srchEndDt": null,
    "srchIncdntNo": null,
    "srchIncdntNm": null,
    "srchIncdntProgrsStepCode": null,
    "myAllIncdntCnt": 0,
    "myMngIncdntCnt": 0,
    "myChrgIncdntCnt": 0,
    "userId": null,
    "insttCode": null,
    "chgeCodeNm": "교통 관련 범죄",
    "jobStepId": 0,
    "pageId": 0,
    "size": 0,
    "invstJobId": 0,
    "invstJobChrgId": 0,
    "relateIncdntId": null,
    "vldBgngDt": "2020-12-08",
    "vldEndDt": "2021-12-08",
    "incdntRelateSeCode": null,
    "szureCnt": 1,
    "evdncCnt": 3,
    "szureTalkCnt": 1,
    "szureAccntCnt": 0,
    "szureFileCnt": 2,
    "evdncTalkCnt": 1,
    "evdncAccntCnt": 0,
    "evdncFileCnt": 0,
    "evdncExtflCnt": 8,
    "jobBgngDt": null,
    "jobEndDt": null,
    "totCnt": 6,
    "depCnt": 12,
    "depCrtCnt": 5,
    "depReportCnt": 4,
    "depTrnsrCnt": 1,
    "rcvCnt": 1,
    "rsltCnt": 1,
    "incdntProgrsStepCode": "11",
    "incdntProgrsStepCodeNm": "수사중",
    "mngrUserId": "10001",
    "mngrUserNm": "사용자1"
  },
  {
    "incdntId": "1160100000000000257",
    "firstRegUserId": "10001",
    "firstRegDt": "2020-12-08",
    "lastChgUserId": "10001",
    "lastChgDt": "2020-12-08",
    "delYn": "N",
    "incdntNo": "0203023",
    "incdntNm": "증거등록테스트=200",
    "chgeCode": "06",
    "suspctNm": "곽한구",
    "aditSuspctCo": 0,
    "incdntSeCode": "0001",
    "cmndPrsecInfo": "김검사",
    "incdntOutlineCn": "절도",
    "incdntCrtDt": "2020-12-08",
    "incdntBgngYmd": "20201208",
    "incdntEndYmd": null,
    "evdncObtainRltpsnId": null,
    "srchStrtDt": null,
    "srchEndDt": null,
    "srchIncdntNo": null,
    "srchIncdntNm": null,
    "srchIncdntProgrsStepCode": null,
    "myAllIncdntCnt": 0,
    "myMngIncdntCnt": 0,
    "myChrgIncdntCnt": 0,
    "userId": null,
    "insttCode": null,
    "chgeCodeNm": "교통 관련 범죄",
    "jobStepId": 0,
    "pageId": 0,
    "size": 0,
    "invstJobId": 0,
    "invstJobChrgId": 0,
    "relateIncdntId": null,
    "vldBgngDt": "2020-12-08",
    "vldEndDt": "2021-12-08",
    "incdntRelateSeCode": null,
    "szureCnt": 1,
    "evdncCnt": 18,
    "szureTalkCnt": 0,
    "szureAccntCnt": 0,
    "szureFileCnt": 9,
    "evdncTalkCnt": 0,
    "evdncAccntCnt": 0,
    "evdncFileCnt": 1,
    "evdncExtflCnt": 0,
    "jobBgngDt": null,
    "jobEndDt": null,
    "totCnt": 6,
    "depCnt": 12,
    "depCrtCnt": 5,
    "depReportCnt": 4,
    "depTrnsrCnt": 1,
    "rcvCnt": 1,
    "rsltCnt": 1,
    "incdntProgrsStepCode": "11",
    "incdntProgrsStepCodeNm": "수사중",
    "mngrUserId": "10001",
    "mngrUserNm": "사용자1"
  },
  {
    "incdntId": "1160100000000000253",
    "firstRegUserId": "10001",
    "firstRegDt": "2020-12-08",
    "lastChgUserId": "10001",
    "lastChgDt": "2020-12-08",
    "delYn": "N",
    "incdntNo": "0202303",
    "incdntNm": "증거테스트용-070",
    "chgeCode": "06",
    "suspctNm": "곽한구",
    "aditSuspctCo": 0,
    "incdntSeCode": "0001",
    "cmndPrsecInfo": "김검사",
    "incdntOutlineCn": "절도",
    "incdntCrtDt": "2020-12-08",
    "incdntBgngYmd": "20201208",
    "incdntEndYmd": null,
    "evdncObtainRltpsnId": null,
    "srchStrtDt": null,
    "srchEndDt": null,
    "srchIncdntNo": null,
    "srchIncdntNm": null,
    "srchIncdntProgrsStepCode": null,
    "myAllIncdntCnt": 0,
    "myMngIncdntCnt": 0,
    "myChrgIncdntCnt": 0,
    "userId": null,
    "insttCode": null,
    "chgeCodeNm": "교통 관련 범죄",
    "jobStepId": 0,
    "pageId": 0,
    "size": 0,
    "invstJobId": 0,
    "invstJobChrgId": 0,
    "relateIncdntId": null,
    "vldBgngDt": "2020-12-08",
    "vldEndDt": "2021-12-08",
    "incdntRelateSeCode": null,
    "szureCnt": 1,
    "evdncCnt": 3,
    "szureTalkCnt": 1,
    "szureAccntCnt": 0,
    "szureFileCnt": 1,
    "evdncTalkCnt": 1,
    "evdncAccntCnt": 0,
    "evdncFileCnt": 0,
    "evdncExtflCnt": 8,
    "jobBgngDt": null,
    "jobEndDt": null,
    "totCnt": 6,
    "depCnt": 12,
    "depCrtCnt": 5,
    "depReportCnt": 4,
    "depTrnsrCnt": 1,
    "rcvCnt": 1,
    "rsltCnt": 1,
    "incdntProgrsStepCode": "11",
    "incdntProgrsStepCodeNm": "수사중",
    "mngrUserId": "10001",
    "mngrUserNm": "사용자1"
  },
  {
    "incdntId": "1160100000000000259",
    "firstRegUserId": "10001",
    "firstRegDt": "2020-12-08",
    "lastChgUserId": "10001",
    "lastChgDt": "2020-12-08",
    "delYn": "N",
    "incdntNo": "1025656",
    "incdntNm": "증거등록테스트-202",
    "chgeCode": "06",
    "suspctNm": "곽한구",
    "aditSuspctCo": 0,
    "incdntSeCode": "0001",
    "cmndPrsecInfo": "김검사",
    "incdntOutlineCn": "차량 절도",
    "incdntCrtDt": "2020-12-08",
    "incdntBgngYmd": "20201208",
    "incdntEndYmd": null,
    "evdncObtainRltpsnId": null,
    "srchStrtDt": null,
    "srchEndDt": null,
    "srchIncdntNo": null,
    "srchIncdntNm": null,
    "srchIncdntProgrsStepCode": null,
    "myAllIncdntCnt": 0,
    "myMngIncdntCnt": 0,
    "myChrgIncdntCnt": 0,
    "userId": null,
    "insttCode": null,
    "chgeCodeNm": "교통 관련 범죄",
    "jobStepId": 0,
    "pageId": 0,
    "size": 0,
    "invstJobId": 0,
    "invstJobChrgId": 0,
    "relateIncdntId": null,
    "vldBgngDt": "2020-12-08",
    "vldEndDt": "2021-12-08",
    "incdntRelateSeCode": null,
    "szureCnt": 1,
    "evdncCnt": 2,
    "szureTalkCnt": 0,
    "szureAccntCnt": 0,
    "szureFileCnt": 1,
    "evdncTalkCnt": 0,
    "evdncAccntCnt": 0,
    "evdncFileCnt": 1,
    "evdncExtflCnt": 0,
    "jobBgngDt": null,
    "jobEndDt": null,
    "totCnt": 6,
    "depCnt": 12,
    "depCrtCnt": 5,
    "depReportCnt": 4,
    "depTrnsrCnt": 1,
    "rcvCnt": 1,
    "rsltCnt": 1,
    "incdntProgrsStepCode": "11",
    "incdntProgrsStepCodeNm": "수사중",
    "mngrUserId": "10001",
    "mngrUserNm": "사용자1"
  },
  {
    "incdntId": "1160100000000000256",
    "firstRegUserId": "10001",
    "firstRegDt": "2020-12-08",
    "lastChgUserId": "10001",
    "lastChgDt": "2020-12-08",
    "delYn": "N",
    "incdntNo": "02032023",
    "incdntNm": "증거등록테스트-100",
    "chgeCode": "06",
    "suspctNm": "곽한구",
    "aditSuspctCo": 0,
    "incdntSeCode": "0001",
    "cmndPrsecInfo": "김검사",
    "incdntOutlineCn": "차량 절도",
    "incdntCrtDt": "2020-12-08",
    "incdntBgngYmd": "20201207",
    "incdntEndYmd": null,
    "evdncObtainRltpsnId": null,
    "srchStrtDt": null,
    "srchEndDt": null,
    "srchIncdntNo": null,
    "srchIncdntNm": null,
    "srchIncdntProgrsStepCode": null,
    "myAllIncdntCnt": 0,
    "myMngIncdntCnt": 0,
    "myChrgIncdntCnt": 0,
    "userId": null,
    "insttCode": null,
    "chgeCodeNm": "교통 관련 범죄",
    "jobStepId": 0,
    "pageId": 0,
    "size": 0,
    "invstJobId": 0,
    "invstJobChrgId": 0,
    "relateIncdntId": null,
    "vldBgngDt": "2020-12-08",
    "vldEndDt": "2022-12-08",
    "incdntRelateSeCode": null,
    "szureCnt": 0,
    "evdncCnt": 6,
    "szureTalkCnt": 0,
    "szureAccntCnt": 0,
    "szureFileCnt": 6,
    "evdncTalkCnt": 0,
    "evdncAccntCnt": 0,
    "evdncFileCnt": 0,
    "evdncExtflCnt": 0,
    "jobBgngDt": null,
    "jobEndDt": null,
    "totCnt": 6,
    "depCnt": 12,
    "depCrtCnt": 5,
    "depReportCnt": 4,
    "depTrnsrCnt": 1,
    "rcvCnt": 1,
    "rsltCnt": 1,
    "incdntProgrsStepCode": "11",
    "incdntProgrsStepCodeNm": "수사중",
    "mngrUserId": "10001",
    "mngrUserNm": "사용자1"
  }
]
