{
  "nodes": [
    {
      "id": "010-9342-5366",
      "name": "강춘석",
      "group": 1
    },
    {
      "id": "010-7094-3584",
      "name": "김광호",
      "group": 1
    },
    {
      "id": "010-8054-0005",
      "name": "김광호",
      "group": 1
    },
    {
      "id": "010-9889-0076",
      "name": "김길상",
      "group": 1
    },
    {
      "id": "010-9844-9082",
      "name": "김승구",
      "group": 1
    },
    {
      "id": "010-2677-4544",
      "name": "김이평",
      "group": 1
    },
    {
      "id": "010-4253-5132",
      "name": "김제술",
      "group": 1
    },
    {
      "id": "010-2405-9141",
      "name": "박원해",
      "group": 2
    },
    {
      "id": "010-4004-4848",
      "name": "박재수",
      "group": 2
    },
    {
      "id": "010-6209-1810",
      "name": "안길룡",
      "group": 3
    },
    {
      "id": "010-6400-0363",
      "name": "양소림",
      "group": 3
    },
    {
      "id": "010-3053-4428",
      "name": "이순애",
      "group": 3
    },
    {
      "id": "010-2290-9781",
      "name": "이시우",
      "group": 3
    },
    {
      "id": "010-4973-5526",
      "name": "장종학",
      "group": 4
    },
    {
      "id": "010-3454-3691",
      "name": "정순연",
      "group": 4
    },
    {
      "id": "010-6111-2788",
      "name": "조준구",
      "group": 4
    },
    {
      "id": "010-2422-5585",
      "name": "조현감",
      "group": 4
    },
    {
      "id": "010-4028-2020",
      "name": "최환국",
      "group": 5
    },
    {
      "id": "010-3307-7700",
      "name": "홍성숙",
      "group": 6
    },
    {
      "id": "010-3571-8861",
      "name": "황옥희",
      "group": 6
    }
  ],
  "links": [
    {
      "source": "010-9342-5366",
      "target": "010-2405-9141",
      "value": 34
    },
    {
      "source": "010-9342-5366",
      "target": "010-7094-3584",
      "value": 122
    },
    {
      "source": "010-6209-1810",
      "target": "010-7094-3584",
      "value": 3
    },
    {
      "source": "010-2290-9781",
      "target": "010-7094-3584",
      "value": 8
    },
    {
      "source": "010-4973-5526",
      "target": "010-7094-3584",
      "value": 1
    },
    {
      "source": "010-2677-4544",
      "target": "010-7094-3584",
      "value": 1
    },
    {
      "source": "010-6400-0363",
      "target": "010-7094-3584",
      "value": 31
    },
    {
      "source": "010-2405-9141",
      "target": "010-6400-0363",
      "value": 45
    },
    {
      "source": "010-7094-3584",
      "target": "010-9342-5366",
      "value": 69
    },
    {
      "source": "010-7094-3584",
      "target": "010-6400-0363",
      "value": 67
    },
    {
      "source": "010-7094-3584",
      "target": "010-2405-9141",
      "value": 49
    },
    {
      "source": "010-4253-5132",
      "target": "010-3307-7700",
      "value": 2
    },
    {
      "source": "010-2405-9141",
      "target": "010-7094-3584",
      "value": 19
    },
    {
      "source": "010-6400-0363",
      "target": "010-2405-9141",
      "value": 24
    },
    {
      "source": "010-2405-9141",
      "target": "010-9342-5366",
      "value": 9
    },
    {
      "source": "010-3307-7700",
      "target": "010-7094-3584",
      "value": 5
    },
    {
      "source": "010-7094-3584",
      "target": "010-3307-7700",
      "value": 3
    },
    {
      "source": "010-7094-3584",
      "target": "010-3571-8861",
      "value": 6
    },
    {
      "source": "010-3571-8861",
      "target": "010-7094-3584",
      "value": 3
    },
    {
      "source": "010-4253-5132",
      "target": "010-3053-4428",
      "value": 3
    },
    {
      "source": "010-7094-3584",
      "target": "010-8054-0005",
      "value": 5
    },
    {
      "source": "010-7094-3584",
      "target": "010-6111-2788",
      "value": 26
    },
    {
      "source": "010-6111-2788",
      "target": "010-7094-3584",
      "value": 31
    },
    {
      "source": "010-7094-3584",
      "target": "010-3053-4428",
      "value": 5
    },
    {
      "source": "010-3053-4428",
      "target": "010-7094-3584",
      "value": 5
    },
    {
      "source": "010-8054-0005",
      "target": "010-7094-3584",
      "value": 6
    },
    {
      "source": "010-9342-5366",
      "target": "010-6400-0363",
      "value": 17
    },
    {
      "source": "010-4028-2020",
      "target": "010-7094-3584",
      "value": 72
    },
    {
      "source": "010-7094-3584",
      "target": "010-4028-2020",
      "value": 32
    },
    {
      "source": "010-3307-7700",
      "target": "010-4253-5132",
      "value": 1
    },
    {
      "source": "010-2677-4544",
      "target": "010-8054-0005",
      "value": 1
    },
    {
      "source": "010-7094-3584",
      "target": "010-3454-3691",
      "value": 6
    },
    {
      "source": "010-3454-3691",
      "target": "010-7094-3584",
      "value": 2
    },
    {
      "source": "010-4253-5132",
      "target": "010-7094-3584",
      "value": 3
    },
    {
      "source": "010-7094-3584",
      "target": "010-4253-5132",
      "value": 2
    },
    {
      "source": "010-6400-0363",
      "target": "010-9342-5366",
      "value": 4
    },
    {
      "source": "010-2422-5585",
      "target": "010-7094-3584",
      "value": 2
    },
    {
      "source": "010-7094-3584",
      "target": "010-2422-5585",
      "value": 2
    },
    {
      "source": "010-3571-8861",
      "target": "010-9342-5366",
      "value": 4
    },
    {
      "source": "010-4004-4848",
      "target": "010-2405-9141",
      "value": 3
    },
    {
      "source": "010-4973-5526",
      "target": "010-2405-9141",
      "value": 2
    },
    {
      "source": "010-2405-9141",
      "target": "010-4973-5526",
      "value": 1
    },
    {
      "source": "010-2405-9141",
      "target": "010-4004-4848",
      "value": 1
    },
    {
      "source": "010-7094-3584",
      "target": "010-9889-0076",
      "value": 1
    },
    {
      "source": "010-7094-3584",
      "target": "010-2290-9781",
      "value": 1
    },
    {
      "source": "010-9889-0076",
      "target": "010-7094-3584",
      "value": 2
    },
    {
      "source": "010-3307-7700",
      "target": "010-9342-5366",
      "value": 2
    },
    {
      "source": "010-9844-9082",
      "target": "010-7094-3584",
      "value": 2
    },
    {
      "source": "010-7094-3584",
      "target": "010-9844-9082",
      "value": 2
    },
    {
      "source": "010-7094-3584",
      "target": "010-4973-5526",
      "value": 1
    },
    {
      "source": "010-9342-5366",
      "target": "010-3571-8861",
      "value": 1
    }
  ]
}
