{
  "nodes": [
	  {
		"id": "심금녀",
		"group": 1
	  },
	  {
		"id": "이민우",
		"group": 1
	  },
	  {
		"id": "조요하",
		"group": 1
	  },
	  {
		"id": "심재용",
		"group": 1
	  },
	  {
		"id": "후미",
		"group": 1
	  },
	  {
		"id": "유흥준",
		"group": 1
	  },
	  {
		"id": "정란",
		"group": 1
	  },
	  {
		"id": "정영인",
		"group": 1
	  },
	  {
		"id": "순이",
		"group": 1
	  },
	  {
		"id": "임명희",
		"group": 1
	  },
	  {
		"id": "안미희",
		"group": 2
	  },
	  {
		"id": "안찬영",
		"group": 2
	  },
	  {
		"id": "김재은",
		"group": 3
	  },
	  {
		"id": "김한복",
		"group": 2
	  },
	  {
		"id": "마천일",
		"group": 2
	  },
	  {
		"id": "이광길",
		"group": 2
	  },
	  {
		"id": "막딸네",
		"group": 3
	  },
	  {
		"id": "심수영",
		"group": 3
	  },
	  {
		"id": "한동석",
		"group": 3
	  },
	  {
		"id": "민정",
		"group": 3
	  },
	  {
		"id": "강포수",
		"group": 3
	  },
	  {
		"id": "권옥상",
		"group": 3
	  },
	  {
		"id": "이도형",
		"group": 3
	  },
	  {
		"id": "박종숙",
		"group": 3
	  },
	  {
		"id": "황옥희",
		"group": 4
	  },
	  {
		"id": "개똥이",
		"group": 4
	  },
	  {
		"id": "장씨",
		"group": 5
	  },
	  {
		"id": "이태경",
		"group": 4
	  },
	  {
		"id": "윤광오",
		"group": 0
	  },
	  {
		"id": "박씨",
		"group": 2
	  },
	  {
		"id": "민지연",
		"group": 3
	  },
	  {
		"id": "임덕구",
		"group": 2
	  },
	  {
		"id": "배서방",
		"group": 2
	  },
	  {
		"id": "이세민",
		"group": 2
	  },
	  {
		"id": "오다케",
		"group": 2
	  },
	  {
		"id": "삼월",
		"group": 2
	  },
	  {
		"id": "쇼지",
		"group": 2
	  },
	  {
		"id": "정석",
		"group": 2
	  },
	  {
		"id": "홍씨",
		"group": 2
	  },
	  {
		"id": "김정만",
		"group": 4
	  },
	  {
		"id": "김휘",
		"group": 6
	  },
	  {
		"id": "박동영",
		"group": 4
	  },
	  {
		"id": "한진",
		"group": 4
	  },
	  {
		"id": "산청댁",
		"group": 5
	  },
	  {
		"id": "김기용",
		"group": 0
	  },
	  {
		"id": "최명숙",
		"group": 0
	  },
	  {
		"id": "이종만",
		"group": 7
	  },
	  {
		"id": "정순연",
		"group": 7
	  },
	  {
		"id": "허보연",
		"group": 8
	  },
	  {
		"id": "박철규",
		"group": 5
	  },
	  {
		"id": "윤익로",
		"group": 5
	  },
	  {
		"id": "양을례",
		"group": 5
	  },
	  {
		"id": "정한조",
		"group": 5
	  },
	  {
		"id": "장옥경",
		"group": 5
	  },
	  {
		"id": "송유섭",
		"group": 5
	  },
	  {
		"id": "최재영",
		"group": 8
	  },
	  {
		"id": "귀남",
		"group": 5
	  },
	  {
		"id": "정재연",
		"group": 8
	  },
	  {
		"id": "이동용",
		"group": 8
	  },
	  {
		"id": "기화",
		"group": 8
	  },
	  {
		"id": "김태구",
		"group": 8
	  },
	  {
		"id": "김영일",
		"group": 8
	  },
	  {
		"id": "한남수",
		"group": 8
	  },
	  {
		"id": "육손",
		"group": 8
	  },
	  {
		"id": "염씨",
		"group": 8
	  },
	  {
		"id": "안순이",
		"group": 8
	  },
	  {
		"id": "최진용",
		"group": 8
	  },
	  {
		"id": "김개주",
		"group": 9
	  },
	  {
		"id": "박유정",
		"group": 4
	  },
	  {
		"id": "삼수",
		"group": 4
	  },
	  {
		"id": "김환",
		"group": 4
	  },
	  {
		"id": "조희자",
		"group": 4
	  },
	  {
		"id": "우개동",
		"group": 5
	  },
	  {
		"id": "신씨",
		"group": 10
	  },
	  {
		"id": "쇠돌",
		"group": 10
	  },
	  {
		"id": "향심",
		"group": 4
	  },
	  {
		"id": "이범준",
		"group": 8
	  }
 ],
  "links": [
	  {
		"source": "이민우",
		"target": "심금녀",
		"value": 1
	  },
	  {
		"source": "조요하",
		"target": "심금녀",
		"value": 8
	  },
	  {
		"source": "심재용",
		"target": "심금녀",
		"value": 10
	  },
	  {
		"source": "심재용",
		"target": "조요하",
		"value": 6
	  },
	  {
		"source": "후미",
		"target": "심금녀",
		"value": 1
	  },
	  {
		"source": "유흥준",
		"target": "심금녀",
		"value": 1
	  },
	  {
		"source": "정란",
		"target": "심금녀",
		"value": 1
	  },
	  {
		"source": "정영인",
		"target": "심금녀",
		"value": 1
	  },
	  {
		"source": "순이",
		"target": "심금녀",
		"value": 2
	  },
	  {
		"source": "임명희",
		"target": "심금녀",
		"value": 1
	  },
	  {
		"source": "안찬영",
		"target": "안미희",
		"value": 1
	  },
	  {
		"source": "안찬영",
		"target": "심재용",
		"value": 3
	  },
	  {
		"source": "안찬영",
		"target": "조요하",
		"value": 3
	  },
	  {
		"source": "안찬영",
		"target": "심금녀",
		"value": 5
	  },
	  {
		"source": "김재은",
		"target": "안찬영",
		"value": 1
	  },
	  {
		"source": "김한복",
		"target": "안찬영",
		"value": 1
	  },
	  {
		"source": "마천일",
		"target": "안찬영",
		"value": 1
	  },
	  {
		"source": "이광길",
		"target": "안찬영",
		"value": 1
	  },
	  {
		"source": "심수영",
		"target": "막딸네",
		"value": 4
	  },
	  {
		"source": "한동석",
		"target": "막딸네",
		"value": 4
	  },
	  {
		"source": "한동석",
		"target": "심수영",
		"value": 4
	  },
	  {
		"source": "민정",
		"target": "막딸네",
		"value": 4
	  },
	  {
		"source": "민정",
		"target": "심수영",
		"value": 4
	  },
	  {
		"source": "민정",
		"target": "한동석",
		"value": 4
	  },
	  {
		"source": "강포수",
		"target": "막딸네",
		"value": 3
	  },
	  {
		"source": "강포수",
		"target": "심수영",
		"value": 3
	  },
	  {
		"source": "강포수",
		"target": "한동석",
		"value": 3
	  },
	  {
		"source": "강포수",
		"target": "민정",
		"value": 4
	  },
	  {
		"source": "권옥상",
		"target": "막딸네",
		"value": 3
	  },
	  {
		"source": "권옥상",
		"target": "심수영",
		"value": 3
	  },
	  {
		"source": "권옥상",
		"target": "한동석",
		"value": 3
	  },
	  {
		"source": "권옥상",
		"target": "민정",
		"value": 3
	  },
	  {
		"source": "권옥상",
		"target": "강포수",
		"value": 5
	  },
	  {
		"source": "이도형",
		"target": "막딸네",
		"value": 3
	  },
	  {
		"source": "이도형",
		"target": "심수영",
		"value": 3
	  },
	  {
		"source": "이도형",
		"target": "한동석",
		"value": 3
	  },
	  {
		"source": "이도형",
		"target": "민정",
		"value": 3
	  },
	  {
		"source": "이도형",
		"target": "강포수",
		"value": 4
	  },
	  {
		"source": "이도형",
		"target": "권옥상",
		"value": 4
	  },
	  {
		"source": "박종숙",
		"target": "막딸네",
		"value": 3
	  },
	  {
		"source": "박종숙",
		"target": "심수영",
		"value": 3
	  },
	  {
		"source": "박종숙",
		"target": "한동석",
		"value": 3
	  },
	  {
		"source": "박종숙",
		"target": "민정",
		"value": 3
	  },
	  {
		"source": "박종숙",
		"target": "강포수",
		"value": 4
	  },
	  {
		"source": "박종숙",
		"target": "권옥상",
		"value": 4
	  },
	  {
		"source": "박종숙",
		"target": "이도형",
		"value": 4
	  },
	  {
		"source": "박종숙",
		"target": "김재은",
		"value": 2
	  },
	  {
		"source": "박종숙",
		"target": "안찬영",
		"value": 9
	  },
	  {
		"source": "황옥희",
		"target": "박종숙",
		"value": 2
	  },
	  {
		"source": "황옥희",
		"target": "안찬영",
		"value": 7
	  },
	  {
		"source": "개똥이",
		"target": "황옥희",
		"value": 13
	  },
	  {
		"source": "개똥이",
		"target": "박종숙",
		"value": 1
	  },
	  {
		"source": "개똥이",
		"target": "안찬영",
		"value": 12
	  },
	  {
		"source": "장씨",
		"target": "황옥희",
		"value": 4
	  },
	  {
		"source": "장씨",
		"target": "안찬영",
		"value": 31
	  },
	  {
		"source": "장씨",
		"target": "막딸네",
		"value": 1
	  },
	  {
		"source": "장씨",
		"target": "개똥이",
		"value": 1
	  },
	  {
		"source": "이태경",
		"target": "안찬영",
		"value": 17
	  },
	  {
		"source": "이태경",
		"target": "박종숙",
		"value": 5
	  },
	  {
		"source": "이태경",
		"target": "개똥이",
		"value": 5
	  },
	  {
		"source": "이태경",
		"target": "황옥희",
		"value": 1
	  },
	  {
		"source": "이태경",
		"target": "장씨",
		"value": 1
	  },
	  {
		"source": "윤광오",
		"target": "안찬영",
		"value": 8
	  },
	  {
		"source": "윤광오",
		"target": "이태경",
		"value": 1
	  },
	  {
		"source": "박씨",
		"target": "박종숙",
		"value": 1
	  },
	  {
		"source": "박씨",
		"target": "이태경",
		"value": 1
	  },
	  {
		"source": "박씨",
		"target": "안찬영",
		"value": 2
	  },
	  {
		"source": "민지연",
		"target": "박종숙",
		"value": 1
	  },
	  {
		"source": "임덕구",
		"target": "민지연",
		"value": 2
	  },
	  {
		"source": "임덕구",
		"target": "안찬영",
		"value": 3
	  },
	  {
		"source": "임덕구",
		"target": "박종숙",
		"value": 2
	  },
	  {
		"source": "임덕구",
		"target": "이태경",
		"value": 1
	  },
	  {
		"source": "배서방",
		"target": "안찬영",
		"value": 1
	  },
	  {
		"source": "이세민",
		"target": "안찬영",
		"value": 2
	  },
	  {
		"source": "이세민",
		"target": "이태경",
		"value": 1
	  },
	  {
		"source": "오다케",
		"target": "안찬영",
		"value": 3
	  },
	  {
		"source": "오다케",
		"target": "박씨",
		"value": 2
	  },
	  {
		"source": "삼월",
		"target": "안찬영",
		"value": 3
	  },
	  {
		"source": "삼월",
		"target": "오다케",
		"value": 3
	  },
	  {
		"source": "삼월",
		"target": "박씨",
		"value": 2
	  },
	  {
		"source": "쇼지",
		"target": "오다케",
		"value": 2
	  },
	  {
		"source": "쇼지",
		"target": "삼월",
		"value": 2
	  },
	  {
		"source": "쇼지",
		"target": "안찬영",
		"value": 2
	  },
	  {
		"source": "쇼지",
		"target": "박씨",
		"value": 1
	  },
	  {
		"source": "정석",
		"target": "오다케",
		"value": 2
	  },
	  {
		"source": "정석",
		"target": "삼월",
		"value": 2
	  },
	  {
		"source": "정석",
		"target": "쇼지",
		"value": 2
	  },
	  {
		"source": "정석",
		"target": "안찬영",
		"value": 2
	  },
	  {
		"source": "정석",
		"target": "박씨",
		"value": 1
	  },
	  {
		"source": "홍씨",
		"target": "오다케",
		"value": 2
	  },
	  {
		"source": "홍씨",
		"target": "삼월",
		"value": 2
	  },
	  {
		"source": "홍씨",
		"target": "쇼지",
		"value": 2
	  },
	  {
		"source": "홍씨",
		"target": "정석",
		"value": 2
	  },
	  {
		"source": "홍씨",
		"target": "안찬영",
		"value": 2
	  },
	  {
		"source": "홍씨",
		"target": "박씨",
		"value": 1
	  },
	  {
		"source": "김정만",
		"target": "개똥이",
		"value": 1
	  },
	  {
		"source": "김휘",
		"target": "개똥이",
		"value": 1
	  },
	  {
		"source": "박동영",
		"target": "황옥희",
		"value": 2
	  },
	  {
		"source": "박동영",
		"target": "개똥이",
		"value": 3
	  },
	  {
		"source": "한진",
		"target": "박동영",
		"value": 2
	  },
	  {
		"source": "한진",
		"target": "개똥이",
		"value": 2
	  },
	  {
		"source": "한진",
		"target": "황옥희",
		"value": 1
	  },
	  {
		"source": "산청댁",
		"target": "안찬영",
		"value": 3
	  },
	  {
		"source": "산청댁",
		"target": "장씨",
		"value": 1
	  },
	  {
		"source": "산청댁",
		"target": "이태경",
		"value": 1
	  },
	  {
		"source": "김기용",
		"target": "윤광오",
		"value": 3
	  },
	  {
		"source": "김기용",
		"target": "안찬영",
		"value": 1
	  },
	  {
		"source": "최명숙",
		"target": "윤광오",
		"value": 2
	  },
	  {
		"source": "정순연",
		"target": "이종만",
		"value": 1
	  },
	  {
		"source": "허보연",
		"target": "정순연",
		"value": 2
	  },
	  {
		"source": "허보연",
		"target": "개똥이",
		"value": 1
	  },
	  {
		"source": "허보연",
		"target": "이태경",
		"value": 1
	  },
	  {
		"source": "허보연",
		"target": "안찬영",
		"value": 1
	  },
	  {
		"source": "박철규",
		"target": "장씨",
		"value": 3
	  },
	  {
		"source": "박철규",
		"target": "안찬영",
		"value": 2
	  },
	  {
		"source": "윤익로",
		"target": "박철규",
		"value": 1
	  },
	  {
		"source": "윤익로",
		"target": "황옥희",
		"value": 1
	  },
	  {
		"source": "양을례",
		"target": "박철규",
		"value": 9
	  },
	  {
		"source": "양을례",
		"target": "장씨",
		"value": 2
	  },
	  {
		"source": "양을례",
		"target": "안찬영",
		"value": 2
	  },
	  {
		"source": "정한조",
		"target": "양을례",
		"value": 1
	  },
	  {
		"source": "정한조",
		"target": "김정만",
		"value": 1
	  },
	  {
		"source": "장옥경",
		"target": "양을례",
		"value": 1
	  },
	  {
		"source": "송유섭",
		"target": "양을례",
		"value": 2
	  },
	  {
		"source": "송유섭",
		"target": "박철규",
		"value": 1
	  },
	  {
		"source": "송유섭",
		"target": "장씨",
		"value": 1
	  },
	  {
		"source": "최재영",
		"target": "양을례",
		"value": 6
	  },
	  {
		"source": "최재영",
		"target": "박철규",
		"value": 12
	  },
	  {
		"source": "최재영",
		"target": "김정만",
		"value": 1
	  },
	  {
		"source": "최재영",
		"target": "송유섭",
		"value": 1
	  },
	  {
		"source": "최재영",
		"target": "장씨",
		"value": 21
	  },
	  {
		"source": "최재영",
		"target": "안찬영",
		"value": 19
	  },
	  {
		"source": "최재영",
		"target": "막딸네",
		"value": 1
	  },
	  {
		"source": "최재영",
		"target": "개똥이",
		"value": 2
	  },
	  {
		"source": "최재영",
		"target": "박동영",
		"value": 5
	  },
	  {
		"source": "최재영",
		"target": "허보연",
		"value": 4
	  },
	  {
		"source": "귀남",
		"target": "박철규",
		"value": 1
	  },
	  {
		"source": "귀남",
		"target": "최재영",
		"value": 1
	  },
	  {
		"source": "정재연",
		"target": "최재영",
		"value": 1
	  },
	  {
		"source": "정재연",
		"target": "박동영",
		"value": 1
	  },
	  {
		"source": "정재연",
		"target": "허보연",
		"value": 1
	  },
	  {
		"source": "이동용",
		"target": "최재영",
		"value": 7
	  },
	  {
		"source": "이동용",
		"target": "허보연",
		"value": 7
	  },
	  {
		"source": "이동용",
		"target": "이태경",
		"value": 6
	  },
	  {
		"source": "이동용",
		"target": "정재연",
		"value": 1
	  },
	  {
		"source": "이동용",
		"target": "안찬영",
		"value": 4
	  },
	  {
		"source": "기화",
		"target": "이동용",
		"value": 15
	  },
	  {
		"source": "기화",
		"target": "최재영",
		"value": 5
	  },
	  {
		"source": "기화",
		"target": "허보연",
		"value": 6
	  },
	  {
		"source": "기화",
		"target": "정재연",
		"value": 2
	  },
	  {
		"source": "김태구",
		"target": "허보연",
		"value": 1
	  },
	  {
		"source": "김태구",
		"target": "이동용",
		"value": 4
	  },
	  {
		"source": "김태구",
		"target": "기화",
		"value": 2
	  },
	  {
		"source": "김영일",
		"target": "허보연",
		"value": 2
	  },
	  {
		"source": "김영일",
		"target": "이동용",
		"value": 6
	  },
	  {
		"source": "김영일",
		"target": "김태구",
		"value": 2
	  },
	  {
		"source": "김영일",
		"target": "기화",
		"value": 5
	  },
	  {
		"source": "김영일",
		"target": "정재연",
		"value": 1
	  },
	  {
		"source": "김영일",
		"target": "최재영",
		"value": 1
	  },
	  {
		"source": "한남수",
		"target": "최재영",
		"value": 9
	  },
	  {
		"source": "한남수",
		"target": "이동용",
		"value": 17
	  },
	  {
		"source": "한남수",
		"target": "기화",
		"value": 13
	  },
	  {
		"source": "한남수",
		"target": "허보연",
		"value": 7
	  },
	  {
		"source": "한남수",
		"target": "정재연",
		"value": 2
	  },
	  {
		"source": "한남수",
		"target": "박동영",
		"value": 1
	  },
	  {
		"source": "한남수",
		"target": "김영일",
		"value": 6
	  },
	  {
		"source": "한남수",
		"target": "김태구",
		"value": 3
	  },
	  {
		"source": "육손",
		"target": "기화",
		"value": 5
	  },
	  {
		"source": "육손",
		"target": "허보연",
		"value": 5
	  },
	  {
		"source": "육손",
		"target": "한남수",
		"value": 6
	  },
	  {
		"source": "육손",
		"target": "정재연",
		"value": 2
	  },
	  {
		"source": "육손",
		"target": "이동용",
		"value": 4
	  },
	  {
		"source": "육손",
		"target": "김영일",
		"value": 3
	  },
	  {
		"source": "육손",
		"target": "김태구",
		"value": 2
	  },
	  {
		"source": "육손",
		"target": "최재영",
		"value": 1
	  },
	  {
		"source": "염씨",
		"target": "최재영",
		"value": 5
	  },
	  {
		"source": "염씨",
		"target": "한남수",
		"value": 12
	  },
	  {
		"source": "염씨",
		"target": "허보연",
		"value": 5
	  },
	  {
		"source": "염씨",
		"target": "육손",
		"value": 4
	  },
	  {
		"source": "염씨",
		"target": "이동용",
		"value": 10
	  },
	  {
		"source": "염씨",
		"target": "김영일",
		"value": 6
	  },
	  {
		"source": "염씨",
		"target": "김태구",
		"value": 2
	  },
	  {
		"source": "염씨",
		"target": "기화",
		"value": 9
	  },
	  {
		"source": "염씨",
		"target": "정재연",
		"value": 1
	  },
	  {
		"source": "염씨",
		"target": "안찬영",
		"value": 1
	  },
	  {
		"source": "안순이",
		"target": "육손",
		"value": 5
	  },
	  {
		"source": "안순이",
		"target": "염씨",
		"value": 7
	  },
	  {
		"source": "안순이",
		"target": "허보연",
		"value": 3
	  },
	  {
		"source": "안순이",
		"target": "한남수",
		"value": 5
	  },
	  {
		"source": "안순이",
		"target": "이동용",
		"value": 5
	  },
	  {
		"source": "안순이",
		"target": "김영일",
		"value": 5
	  },
	  {
		"source": "안순이",
		"target": "김태구",
		"value": 2
	  },
	  {
		"source": "안순이",
		"target": "기화",
		"value": 5
	  },
	  {
		"source": "안순이",
		"target": "정재연",
		"value": 1
	  },
	  {
		"source": "안순이",
		"target": "최재영",
		"value": 2
	  },
	  {
		"source": "최진용",
		"target": "염씨",
		"value": 3
	  },
	  {
		"source": "최진용",
		"target": "이동용",
		"value": 3
	  },
	  {
		"source": "최진용",
		"target": "기화",
		"value": 1
	  },
	  {
		"source": "최진용",
		"target": "한남수",
		"value": 2
	  },
	  {
		"source": "최진용",
		"target": "안순이",
		"value": 2
	  },
	  {
		"source": "최진용",
		"target": "허보연",
		"value": 1
	  },
	  {
		"source": "최진용",
		"target": "육손",
		"value": 1
	  },
	  {
		"source": "최진용",
		"target": "김영일",
		"value": 1
	  },
	  {
		"source": "최진용",
		"target": "김태구",
		"value": 1
	  },
	  {
		"source": "김개주",
		"target": "정재연",
		"value": 3
	  },
	  {
		"source": "박유정",
		"target": "개똥이",
		"value": 5
	  },
	  {
		"source": "박유정",
		"target": "안찬영",
		"value": 1
	  },
	  {
		"source": "박유정",
		"target": "황옥희",
		"value": 1
	  },
	  {
		"source": "박유정",
		"target": "이태경",
		"value": 1
	  },
	  {
		"source": "박유정",
		"target": "허보연",
		"value": 1
	  },
	  {
		"source": "박유정",
		"target": "박동영",
		"value": 1
	  },
	  {
		"source": "삼수",
		"target": "개똥이",
		"value": 6
	  },
	  {
		"source": "삼수",
		"target": "박유정",
		"value": 6
	  },
	  {
		"source": "삼수",
		"target": "안찬영",
		"value": 1
	  },
	  {
		"source": "삼수",
		"target": "황옥희",
		"value": 1
	  },
	  {
		"source": "삼수",
		"target": "이태경",
		"value": 2
	  },
	  {
		"source": "삼수",
		"target": "허보연",
		"value": 1
	  },
	  {
		"source": "삼수",
		"target": "박동영",
		"value": 1
	  },
	  {
		"source": "김환",
		"target": "개똥이",
		"value": 4
	  },
	  {
		"source": "김환",
		"target": "삼수",
		"value": 4
	  },
	  {
		"source": "김환",
		"target": "박유정",
		"value": 4
	  },
	  {
		"source": "김환",
		"target": "안찬영",
		"value": 1
	  },
	  {
		"source": "김환",
		"target": "황옥희",
		"value": 1
	  },
	  {
		"source": "김환",
		"target": "이태경",
		"value": 1
	  },
	  {
		"source": "김환",
		"target": "박동영",
		"value": 1
	  },
	  {
		"source": "김환",
		"target": "이동용",
		"value": 1
	  },
	  {
		"source": "조희자",
		"target": "이태경",
		"value": 1
	  },
	  {
		"source": "조희자",
		"target": "삼수",
		"value": 2
	  },
	  {
		"source": "조희자",
		"target": "박유정",
		"value": 2
	  },
	  {
		"source": "조희자",
		"target": "김환",
		"value": 2
	  },
	  {
		"source": "조희자",
		"target": "안찬영",
		"value": 1
	  },
	  {
		"source": "조희자",
		"target": "허보연",
		"value": 1
	  },
	  {
		"source": "조희자",
		"target": "박동영",
		"value": 1
	  },
	  {
		"source": "조희자",
		"target": "개똥이",
		"value": 1
	  },
	  {
		"source": "우개동",
		"target": "장씨",
		"value": 2
	  },
	  {
		"source": "우개동",
		"target": "이태경",
		"value": 1
	  },
	  {
		"source": "우개동",
		"target": "안찬영",
		"value": 1
	  },
	  {
		"source": "신씨",
		"target": "허보연",
		"value": 2
	  },
	  {
		"source": "쇠돌",
		"target": "허보연",
		"value": 2
	  },
	  {
		"source": "쇠돌",
		"target": "신씨",
		"value": 3
	  },
	  {
		"source": "향심",
		"target": "삼수",
		"value": 3
	  },
	  {
		"source": "향심",
		"target": "박유정",
		"value": 3
	  },
	  {
		"source": "향심",
		"target": "개똥이",
		"value": 3
	  },
	  {
		"source": "향심",
		"target": "허보연",
		"value": 1
	  },
	  {
		"source": "향심",
		"target": "박동영",
		"value": 1
	  },
	  {
		"source": "향심",
		"target": "김환",
		"value": 1
	  },
	  {
		"source": "향심",
		"target": "조희자",
		"value": 1
	  },
	  {
		"source": "이범준",
		"target": "염씨",
		"value": 1
	  },
	  {
		"source": "이범준",
		"target": "안순이",
		"value": 1
	  },
	  {
		"source": "이범준",
		"target": "최진용",
		"value": 1
	  },
	  {
		"source": "이범준",
		"target": "육손",
		"value": 1
	  },
	  {
		"source": "이범준",
		"target": "한남수",
		"value": 1
	  },
	  {
		"source": "이범준",
		"target": "허보연",
		"value": 1
	  },
	  {
		"source": "이범준",
		"target": "이동용",
		"value": 1
	  }
	]
}