{
  "code": "200",
  "msg": "정상처리 되었습니다.",
  "result": {
    "firstRegUserId": "updown",
    "firstRegUserNm": "업다운",
    "firstRegDt": "2020-12-03T07:02:51.682+00:00",
    "lastChgUserId": "updown",
    "lastChgUserNm": "업다운",
    "lastChgDt": "2020-12-03T07:02:51.682+00:00",
    "delYn": null,
    "dataOcrnMbyTyCode": "USER",
    "incdntId": "IC1",
    "isrtyId": "SCFT1d3b49b3aeff4597ab333c0057f0c25884",
    "vldBgngDt": "2020-12-03T07:02:51.682+00:00",
    "vldEndDt": "9999-12-30T15:00:00.000+00:00",
    "isrtyInfoChgHistId": 0,
    "dataChgTyCode": null,
    "isrtyNm": "이상하",
    "rprsIsrtyNcm": "멋쟁이",
    "isrtyNmResVos": [
      {
        "incdntId": null,
        "isrtyNmId": 29,
        "isrtyNm": "이상해",
        "isrtyNmTyCode": "NCM",
        "isrtyNmTyNm": "별명"
      }
    ],
    "isrtyPrsnTyCode": "SUSPCT",
    "rprsTelno": "010-6569-3030",
    "rprsAcnutno": null,
    "rprsIsrgrpId": null,
    "rprsIsrgrpNm": "전라도그룹",
    "isrgrpIsrtyResVos": [
      {
        "isrgrpIsrtyId": 0,
        "isrgrpId": 2,
        "isrgrpNm": "경상도그룹",
        "isrtyId": "SCFT1d3b49b3aeff4597ab333c0057f0c25884",
        "isrtyNm": "이상하",
        "prsnTyCode": "POID",
        "prsnTyNm": "1"
      },
      {
        "isrgrpIsrtyId": 0,
        "isrgrpId": 1,
        "isrgrpNm": "전라도그룹",
        "isrtyId": "SCFT1d3b49b3aeff4597ab333c0057f0c25884",
        "isrtyNm": "이상하",
        "prsnTyCode": "POID",
        "prsnTyNm": "1"
      }
    ],
    "uppperIsrtyPsitnOrgnztId": 0,
    "uppperIsrtyPsitnOrgnztNm": null,
    "isrtyPsitnOrgnztId": 1,
    "isrtyPsitnOrgnztNm": "1",
    "isrtyPhotoId": 1,
    "isrtyMemoCn": "test",
    "isrtyTyCode": "INDV",
    "telnos": [
      {
        "acntId": "39",
        "acntTyCode": null,
        "acntIdntfcValue": "010-6569-3030",
        "evdncExtflId": null,
        "evdncExtflNm": null
      }
    ],
    "acnutnos": [],
    "emails": [],
    "mobileApps": []
  }
}
